242.88503518578574,8278.225456955219,47.13516364519854,-8952.294942205732,382.99441527553176
299.89687960447003,57.80781241292444,-452.79455703360276,41.07335361036206,-384.0492864195294
300.29499995340313,-1097.3962654168608,-450.50086694292406,1291.2060693326343,-54.016511405846245
292.7372708875651,-163.47612343349172,-378.39507800862975,259.0424486761453,43.60393692625257
291.6114166373007,49.250885845551046,-363.92917626537127,16.59294023479614,9.908518121588912
291.9506057371759,-88.66605309637873,-363.0025642591344,157.75688864109296,-6.4739335477233695
291.3399657817127,-130.0006193025993,-354.1928280090833,193.38229721136673,-1.96112297724423
290.4446561382933,-118.06037277263164,-343.39363534918607,171.01007841065552,0.5288156813968214
289.631578548232,-117.44131427439778,-333.8437912829411,161.29631594527007,0.0007264271310987169
288.8227643920396,-124.49978000702188,-324.8364001393724,160.22625446765423,-0.3572110638367576
287.9653388332856,-130.0748213373764,-315.88876524144433,157.7717898905298,-0.28716128670049557
287.0695181630907,-134.3663517857823,-307.0781968497451,154.1497799581805,-0.22645785500532156
286.1441418752679,-138.64751102956956,-298.46989507520544,150.74837669339954,-0.2252505142562029
285.1892813959348,-142.9360191052738,-290.05154041423344,147.58163071755067,-0.22488753610755907
284.2048861139473,-147.06294909079526,-281.8100287238502,144.4598542907243,-0.2166474060217638
283.192068811868,-151.0243553715439,-273.74284873580257,141.37406993348176,-0.20823740997388995
282.15196944556715,-154.84642859267313,-265.8479905179547,138.3483167015392,-0.20106536199668312
281.08554759687286,-158.53399616758946,-258.1221017071531,135.38333055722774,-0.194132963521497
279.9937296013887,-162.08717200179947,-250.56178884134792,132.4747825036738,-0.1872197206419628
278.8774410102551,-165.50871074866402,-243.1639002059084,129.62132072211,-0.18044873808491957
277.73758840341264,-168.80199766407281,-235.92535957683307,126.82236639432452,-0.17384922220730914
276.57505504666506,-171.97002247239868,-228.84312305350002,124.07698965698783,-0.16740244316872577
275.39070361569065,-175.01561798408395,-221.9141986623426,121.38416961903174,-0.1611008222458139
274.1853772767027,-177.94160193503453,-215.13565144017983,118.74294806254035,-0.15494341170416703
272.95989979026774,-180.7507506093077,-208.50459993431235,116.15239906979069,-0.14892803597130921
271.71507579678246,-183.44578085605283,-202.01821439875874,113.61160792130383,-0.1430516835616089
270.45169122580023,-186.02935414785696,-195.6737161689034,111.1196741461982,-0.13731153672529217
269.1705136774073,-188.5040800688983,-189.46837686580164,108.67571396755153,-0.1317049447619496
267.8722927795764,-190.8725169302608,-183.3995174639262,106.27885962875605,-0.12622928974110437
266.5577605412828,-193.13717237289157,-177.46450739653284,103.92825873245349,-0.12088198585452403
265.2276317014676,-195.30050432029486,-171.6607636979424,101.62307398697563,-0.11566049568813241
263.8826040714404,-197.3649219234596,-165.98575015998222,99.3624829682602,-0.11056232979403546
262.5233588707734,-199.3327864440345,-160.43697650172342,97.14567783773418,-0.10558504374120048
261.1505610571137,-201.20641212034323,-155.01199755497245,94.9718650644982,-0.10072623725034191
259.7648596500315,-202.98806702424412,-149.70841246527687,92.84026516007195,-0.09598355370378897
258.36688804896664,-204.67997390372122,-144.5238639077441,90.75011241962684,-0.09135467941753461
256.9572643453726,-206.2843110102992,-139.45603731731057,88.70065466825258,-0.08683734287183142
255.53659162916225,-207.8032129121768,-134.50266013318034,86.6911530127909,-0.08242931398459064
254.10545828955284,-209.2387712934699,-129.6615010571223,84.72088159922984,-0.07812840340399418
252.66443831040775,-210.59303573972426,-124.93036932531531,82.78912737541108,-0.07393246180953383
251.21409156016745,-211.86801450984254,-120.3071139934447,80.89518985879826,-0.06983937922073835
249.75496407646474,-213.06567529474103,-115.78962323476743,79.03838090925136,-0.06584708432153263
248.2875883455151,-214.1879459628823,-111.37582365086644,77.21802450657911,-0.06195354379235596
246.81248357637236,-215.23671529292758,-107.06367959482716,75.43345653275698,-0.05815676165452999
245.33015597013892,-216.2138336937207,-102.85119250657603,73.6840245586744,-0.054454778625412814
243.84109898421727,-217.12111391179604,-98.73640026012755,71.96908763526267,-0.050845671483401134
242.34579359168893,-217.96033172662263,-94.71737652249584,70.288016088885,-0.0473275524436616
240.84470853590528,-218.733226633794,-90.79223012403217,68.64019132087805,-0.043898568544534555
239.33830058037356,-219.441502516338,-86.95910443995689,67.02500561110155,-0.040556901042847926
237.82701475401902,-220.0868283043546,-83.21617678286194,65.44186192540018,-0.03730076481978983
236.3112845919047,-220.67083862319154,-79.56165780596537,63.890173726889486,-0.03412840779735404
234.791532371487,-221.19513443031056,-75.99379091690437,62.369364790924934,-0.0310381103627293
233.26816934448516,-221.66128364104924,-72.51085170186117,60.87886902367542,-0.02802818480300573
231.7415959644413,-222.0708217434747,-69.1111473598203,59.418130284221924,-0.02509697474982886
230.21220211004572,-222.42525240247855,-65.79301614676078,57.98660221005648,-0.02224285463177722
228.68036730430214,-222.72604805331974,-62.55482682959294,56.583748045926086,-0.01946422913712098
227.14646092960493,-222.97465048476863,-59.394978149653255,55.20904047591391,-0.01675953268446051
225.61084243880052,-223.17247141204382,-56.311898295576434,53.86196145869906,-0.014127228903049627
224.07386156230282,-223.32089303968914,-53.304044385367206,52.54200206589245,-0.011565810120679032
222.53585851133215,-223.42126861457956,-50.369901957500026,51.24866232339805,-0.009073796861073902
220.9971641773457,-223.47492296921428,-47.507984470877766,49.98145105572162,-0.006649737349384566
219.45810032772633,-223.4831530554341,-44.716832813484814,48.739885733129626,-0.004292207024725769
217.9189797977958,-223.44722846876783,-41.99501481957535,47.52349232164176,-0.00199980806294775
216.38010667921645,-223.36839196352682,-39.34112479523867,46.33180513575115,0.0002288310943754368
214.84177650484594,-223.2478599588234,-36.753783052189064,45.16436669383342,0.002395056202111334
213.3042764301067,-223.08682303564595,-34.23163544963031,44.02072757616359,0.00450018766689908
211.76788541093234,-222.88644642515854,-31.773352944048924,42.90044628550207,0.0065455209940381565
210.2328743783507,-222.6478704883704,-29.37763114679292,41.80308911019253,0.008532327226944858
208.69950640976398,-222.37221118730662,-27.043189889295604,40.72822998970134,0.010461853379908348
207.16803689698355,-222.06056054783258,-24.76877279580822,39.6754503825576,0.012335322863101794
205.63871371107757,-221.7139871142752,-22.55314686350727,38.64433913664516,0.014153935900353076
204.11177736408726,-221.33353639597058,-20.395102049845242,37.63449236178842,0.015918869940264813
202.58746116766835,-220.92023130588674,-18.29345086701662,36.64551330459738,0.017631280059852372
201.06599138871124,-220.47507259143342,-16.24702798341301,35.677012225502196,0.019292299362369647
199.54758740199446,-219.99903925762155,-14.25468983194512,34.72860627796562,0.02090303936701332
198.03246183992397,-219.49308898267228,-12.315314225109978,33.79991938979735,0.022464590393411754
196.52082073940977,-218.95815852621536,-10.42779997668598,32.89058214654109,0.023978021939065286
195.0128636859316,-218.39516413022076,-8.591066529940077,32.00023167691356,0.025444383049524788
193.50878395484335,-217.80500191274456,-6.804053592232435,31.128511540208148,0.026864702684306963
192.0087686499657,-217.18854825465493,-5.065720775908937,30.275071615674094,0.02823999007450695
190.51299883951546,-216.5466601794249,-3.3750472453711367,29.43956799379554,0.029571235075927405
189.0216496894192,-215.8801757261351,-1.7310313702176168,28.621662869463137,0.030859408514974263
187.53489059405828,-215.18991431578232,-0.13269038435103472,27.82102443697943,0.03210546252963198
186.05288530449062,-214.47667711101334,1.4209399490515355,27.03732678686967,0.03331033090436364
184.57579205419555,-213.74124736941414,2.9308056668057887,26.270249804483548,0.03447492939847763
183.10376368238522,-212.9843907904249,4.397834929324916,25.519479070311057,0.03560015607074263
181.636947754927,-212.20685585603627,5.8229383386575995,24.784705762031393,0.03668689159629679
180.1754866829194,-211.40937416533887,7.207009251056039,24.065626558225734,0.03773599957973062
178.71951783896395,-210.59266076304309,8.550924084166958,23.36194354373556,0.03874832686229723
177.2691736711747,-209.7574144620819,9.85554261893744,22.6733641166477,0.039724703823385
175.82458181496594,-208.90431816037494,11.121708296326485,21.999600896850158,0.04066594467795781
174.38586520265815,-208.03403915188017,12.350248508909962,21.34037163615971,0.04157284776763959
172.95314217094216,-207.1472294320134,13.541974887466754,20.695399129973126,0.04244619584765985
171.52652656623948,-206.24452599753752,14.697683582631191,20.06441113042024,0.04328675636863366
170.10612784799756,-205.32655114101894,15.818155541695596,19.447140260994694,0.04409528175339261
168.69205118995708,-204.39391273994767,16.90415678064552,18.84332393263963,0.04487250966890599
167.2843975794281,-203.44720454059134,17.956438651508865,18.252704261238126,0.0456191632945675
165.88326391461115,-202.4870064367185,18.97573810509738,17.675027986533436,0.04633595158373538
164.4887430999991,-201.51388474322306,19.962777949220357,17.11004639239074,0.047023569523464204
163.10092413989423,-200.5283924647926,20.918267102445427,16.557515228437975,0.047682698387149
161.71989223007517,-199.53106955965978,21.842900843483513,16.017194633009723,0.04831400598503066
160.34572884764745,-198.52244319855836,22.73736105627065,15.488849057412365,0.04891814690862617
158.97851183911044,-197.50302801894244,23.602316470820526,14.972247191460287,0.04949576277210177
157.6183155066737,-196.47332637456503,24.438422899918635,14.467161890276664,0.0500474824488073
156.26521069285434,-195.43382858049083,25.246323471728772,13.9733701023313,0.05057392230396118
154.91926486338704,-194.38501315361663,26.026648858380838,13.490652798687588,0.05107568642358551
153.58054218847766,-193.3273470487913,26.780017500607546,13.018794903452646,0.05155336683884215
152.24910362243062,-192.26128589060878,27.50703582849723,12.557585225408015,0.05200754374656036
150.9250069816799,-191.18727420092577,28.20829847842861,12.106816390773615,0.052438785727094483
149.60830702125327,-190.10574562222155,28.884388506250872,11.666284777133436,0.05284764995635349
148.29905550969823,-189.017123136832,29.53587759677392,11.235790448459095,0.05323468241602747
146.9973013024979,-187.92181928214927,30.163326269630055,10.815137091233755,0.053600418099250646
145.70309041400506,-186.82023636186278,30.767284081568643,10.404131951663453,0.05394538121243997
144.41646608792132,-185.71276665329384,31.348289825244347,10.002585773939604,0.05427008537437494
143.13746886634826,-184.59979261090066,31.90687172455779,9.610312739543678,0.054575033811431695
141.86613665743727,-183.48168706602797,32.44354762660668,9.227130407584609,0.05486071954906002
140.60250480166349,-182.35881342295252,32.958825190305234,8.85285965613592,0.05512762560058171
139.3466061367497,-181.2315258513018,33.453202071727574,8.487324624569112,0.055376225152116376
138.09847106126512,-180.10016947490232,33.92716610623085,8.130352656859156,0.05560698174458878
136.8581275969234,-178.9650805571153,34.38119548741233,7.781774245839745,0.05582034945280512
135.62560144960435,-177.82658668274667,34.815758942953444,7.441422978421043,0.05601677306016839
134.40091606912287,-176.68500693655284,35.23131590740465,7.109135481710685,0.05619668823216806
133.1840927077686,-175.5406520784331,35.62831669196143,6.784751370057111,0.05636052168536754
131.97515047763864,-174.39382471535387,36.00720265128306,6.468113192985596,0.05650869135402825
130.77410640678676,-173.24481947007038,36.36840634740384,6.159066384021121,0.0566416065534181
129.5809754942103,-172.09392314667966,36.71235171078652,5.857459210357774,0.05675966814133648
128.3957707636969,-170.9414148930997,37.03945419856493,5.563142723404235,0.05686326867493108
127.21850331655254,-169.78756636049502,37.350120950025044,5.275970710152904,0.05695279256636532
126.04918238323117,-168.63264185970803,37.64475093937015,4.995799645365357,0.05702861623546962
124.88781537388742,-167.47689851477213,37.92373512581602,4.722488644585238,0.05709110825864361
123.73440792787181,-166.32058641352728,38.18745660106208,4.455899417931505,0.05714062951655041
122.58896396218886,-165.16394875541243,38.436290734182194,4.1958962246843905,0.0571775333381197
121.45148571893714,-164.00722199646395,38.67060531397941,3.94234582862741,0.057202165643006175
120.32197381175092,-162.85063599160162,38.89076068884682,3.695117454168648,0.057214865079998845
119.2004272712618,-161.69441413421214,39.097109904178055,3.4540827431864485,0.05721596316476729
118.08684358959911,-160.53877349309988,39.28999883736787,3.219115712610929,0.05720578441416668
116.981218763947,-159.38392494685414,39.46976633044398,2.9900927127321717,0.0571846464780279
115.88354733917627,-158.23007331567,39.63674432037062,2.7668923862135095,0.05715286026901456
114.79382244956835,-157.0774174906641,39.79125796706323,2.549395627793122,0.057110730090389694
113.71203585964861,-155.92615056074808,39.93362577915281,2.337485544683473,0.057058553760616526
112.63817800414593,-154.77645993708146,40.06415973753873,2.1310474176319745,0.05699662273680994
111.57223802709518,-153.6285274751633,40.18316541676712,1.9299686626509425,0.05692522223517793
110.51420382009894,-152.48252959459296,40.29094210427203,1.7341387933913057,0.05684463134993201
109.46406205976426,-151.33863739655652,40.387782917515466,1.5434493841672883,0.056755123169313304
108.42179824433036,-150.19701677906028,40.47397491906256,1.3577940335991163,0.056656964890492434
107.38739672950284,-149.05782854996556,40.549799229626366,1.1770683288788335,0.0565504179317633
106.36084076350922,-147.92122853786884,40.615531139117195,1.001169810654859,0.05643573804247537
105.34211252139107,-146.78736770083626,40.671440215730954,0.8299979384915578,0.056313175412428196
104.33119313854714,-145.65639223307272,40.71779041310859,0.6634540569406712,0.05618297477732781
103.32806274354178,-144.52844366953445,40.75484017560087,0.5014413621835242,0.05604537552367239
102.33270049019326,-143.40365898852323,40.78284254167031,0.34386486923548965,0.05590061179171746
101.34508458895507,-142.28217071231416,40.802045245461684,0.19063137972125443,0.055748912575830256
100.36519233760453,-141.16410700583572,40.81269081657299,0.041649450192256916,0.05559050182385872
99.39300015125168,-140.04959177345037,40.81501667805716,-0.10317063900723324,0.05542559853405444
98.42848359168157,-138.9387447538498,40.809255242685104,-0.24391691435763596,0.05525441685123954
97.47161739604314,-137.83168161314038,40.79563400749894,-0.3806757392270485,0.05507716615924829
96.52237550489703,-136.72851403608936,40.77437564668648,-0.5135318434581798,0.05489405117465923
95.58073108963481,-135.6293498156254,40.74569810280336,-0.6425683524197492,0.054705272035962316
94.646656579282,-134.53429294058526,40.70981467637292,-0.7678668155758094,0.05451102439301714
93.72012368669664,-133.44344368176033,40.66693411389061,-0.8895072345564276,0.05431149949384728
92.80110343417549,-132.35689867626039,40.61726069426085,-1.0075680907527491,0.05410688427049426
91.88956617847889,-131.2747510102276,40.56099431369287,-1.1221263724416337,0.05389736142320278
90.98548163528632,-130.1970902999423,40.49833056908184,-1.233257601434935,0.053683109502537185
90.08881890309299,-129.12400277133003,40.42946083990171,-1.3410358592829559,0.05346430299093252
89.19954648655934,-128.05557133792144,40.35457236863487,-1.4455338130147444,0.0532411123817107
88.31763231932322,-126.99187567726379,40.27384833976433,-1.5468227404550312,0.053013704258031646
87.44304378628611,-125.93299230584849,40.18746795735205,-1.644972555085432,0.05278224136872822
86.57574774538303,-124.8789946525497,40.095606521228994,-1.7400518304921686,0.052546882704240794
85.71571054884703,-123.82995313062298,39.99843550181995,-1.8321278243834869,0.05230778357015886
84.86289806397751,-122.78593520826722,39.89612261362703,-1.9212665022093276,0.052065095660506655
84.01727569342283,-121.74700547781197,39.788831887394274,-2.0075325603500387,0.05181896712799272
83.17880839498629,-120.7132257235104,39.67672374097722,-2.0909894489310443,0.051569542655099276
82.3474607009652,-119.68465498800191,39.559955048938484,-2.171699394227302,0.05131696352206516
81.52319673703235,-118.66134963745043,39.43867921089211,-2.2497234206842496,0.051061367674472447
80.70598024066871,-117.64336342537905,39.313046218618275,-2.3251213725660107,0.05080288978978409
79.89577457915662,-116.63074755524038,39.183202721969046,-2.3979519352197403,0.05054166134192295
79.09254276714219,-115.62355074172716,39.049292093586615,-2.4682726559832493,0.05027781066555237
78.29624748377506,-114.62181927086274,38.91145449245405,-2.5361399647236347,0.05001146301839965
77.50685108943472,-113.62559705888759,38.76982692629901,-2.6016091940200203,0.04974274064273132
76.72431564205107,-112.63492570995516,38.62454331287046,-2.6647345990061417,0.04947176282611654
75.94860291302764,-111.6498445726769,38.475734540107204,-2.7255693768586533,0.04919864596022805
75.17967440277552,-110.6703907955222,38.32352852521825,-2.7841656859543167,0.048923503599295426
74.4174913558656,-109.69659938109889,38.168050272693236,-2.8405746646963403,0.048646446517257136
73.66201477580707,-108.72850323934087,38.0094219312616,-2.894846450009279,0.04836758276359676
72.91320543945956,-107.76613323961482,37.84776284981889,-2.947030195516724,0.048087017718518865
72.17102391108648,-106.80951826177059,37.68318963233801,-2.9971740894025443,0.04780485414691116
71.4354305560567,-105.85868524615351,37.51581619178293,-3.045325371961933,0.04752119225134965
70.70638555420192,-104.91365924259688,37.34575380304244,-3.091530352848986,0.047236129724187226
69.98384891283654,-103.97446345841708,37.17311115490053,-3.1358344280215653,0.04694976179849242
69.267780479447,-103.04111930542224,36.9979944010607,-3.1782820963974707,0.04666218129842514
68.55813995405731,-102.11364644596703,36.82050721024001,-3.21891697621058,0.046373478687986136
67.85488690127765,-101.19206283805364,36.64075081534974,-3.2577818210917737,0.046083742119704674
67.15798076204203,-100.2763847795061,36.45882406177815,-3.2949185358688036,0.045793057481974486
66.46738086504189,-99.36662695124026,36.27482345479073,-3.33036819208439,0.045501508445275896
65.78304643786176,-98.46280245963719,36.08884320606401,-3.3641710432472833,0.045209176507962745
65.10493661782294,-97.56492287803458,35.900975279367664,-3.39636653982315,0.04491614104129704
64.43301046254167,-96.67299828736894,35.71130943540942,-3.4269933439517537,0.044622479332877774
63.767226960207076,-95.78703731596025,35.51993327585811,-3.456089343921752,0.044328266630397906
63.107545039585304,-94.90704717848483,35.32693228655848,-3.483691668374404,0.0440335761831836
62.45392357975537,-94.03303371411799,35.1323898799527,-3.50983670027815,0.0437384792845501
61.806321419582005,-93.16500142389214,34.936387436721546,-3.5345600906441725,0.04344304531192478
61.16469736693159,-92.30295350726398,34.739004346659634,-3.557896772011393,0.043147341767242775
60.529010207635906,-91.44689189792061,34.54031804879762,-3.5798809716876456,0.042851434315853254
59.8992187142095,-90.59681729882679,34.34040407078494,-3.600546224764798,0.04255538682527549
59.27528165432559,-89.75272921653566,34.139336067545734,-3.619925386902952,0.042259261402854964
58.65715779905582,-88.91462599477637,33.937185859220875,-3.6380506468877716,0.04196311843271561
58.04480593087846,-88.08250484732126,33.734023468408736,-3.6549535389772707,0.041667016612548124
57.438184851460484,-87.25636189016808,33.52991715671647,-3.670664955017318,0.04137101298866597
56.83725338921782,-86.43619217302572,33.324933460634725,-3.685215156356958,0.04107516299155822
56.24197040665882,-85.62198971013568,33.119137226746915,-3.6986337855458857,0.04077952046987132
55.652294807515624,-84.81374751043283,32.91259164628534,-3.7109498778277517,0.04048413772417225
55.06818554366756,-84.01145760705141,32.7053582890454,-3.7221918724400185,0.040189065540381375
54.4896016218615,-83.215111086211,32.49749713666882,-3.732387623699266,0.03989435322152968
53.91650211023312,-82.42469811546965,32.28906661530787,-3.7415644119025266,0.0396000486200605
53.34884614463388,-81.64020797137161,32.080123627680685,-3.7497489540310958,0.03930619816880565
52.78659293476725,-80.86162906649044,31.87072358452901,-3.756967414271678,0.039012846911861576
52.229701770138846,-80.088948975895,31.660920435488276,-3.763245414340826,0.03872003853414441
51.67813202582446,-79.32215446302949,31.45076669938118,-3.768608043637615,0.03842781539130158
51.13184316805946,-78.56123150503001,31.240313493944292,-3.773079869215348,0.03813621853853455
50.59079475965426,-77.8061653174982,31.029610564997796,-3.7766849455643277,0.03784528775839702
50.05494646523885,-77.05694037871152,30.818706315068937,-3.7794468242433106,0.03755506158952837
49.524258056340805,-76.31354045332066,30.6076478314776,-3.7813885633182465,0.03726557735295932
48.99868941629995,-75.57594861551011,30.396480913894795,-3.782532736648917,0.03697687117950332
48.47820054502359,-74.84414727165169,30.185250101382557,-3.78290144300485,0.03668897803571669
47.96275156358574,-74.11811818245535,29.973998698924756,-3.7825163150192096,0.03640193174960471
47.45230271867376,-73.3978424846248,29.762768803457902,-3.7813985279859734,0.036115765035939607
46.94681438688585,-72.68330071203202,29.551601329410687,-3.7795688084981967,0.03583050952088218
46.44624707888276,-71.97447281641574,29.340536033761115,-3.777047442934531,0.035546195766316124
45.95056144339686,-71.27133818761561,29.129611540619738,-3.773854285794137,0.035262853293606344
45.459718271102005,-70.573875673352,28.918865365347422,-3.770008767881418,0.03498051060684659
44.97367849834705,-69.88206359855288,28.70833393821604,-3.7655299043512955,0.034699195216003176
44.492403210756265,-69.1958797842514,28.498052627619924,-3.760436302601218,0.03441893365891735
44.01585364669971,-68.5153015660479,28.288055762846536,-3.754746170028674,0.03413975152356752
43.543991200636384,-67.84030581214932,28.078376656413997,-3.7484773216513405,0.033861673469676834
43.07677742633303,-67.17086894099866,27.869047625983033,-3.741647187587946,0.0335847232497164
42.61417403996179,-66.50696693850276,27.660100015851167,-3.73427282040135,0.033308923729458595
42.156142923079024,-65.84857537485142,27.45156421803688,-3.726370902323102,0.033034296908849736
41.70264612548833,-65.19566942095892,27.243469692960275,-3.7179577523358724,0.032760863941379004
41.25364586799028,-64.5482238645196,27.035844989728268,-3.7090493331336254,0.03248864515380978
40.80910454502175,-63.9062131256895,26.828717766031087,-3.6996612579569534,0.032217660065323006
40.36898472718711,-63.26961127239897,26.622114807657056,-3.689808797308204,0.03194792740638963
39.93324916368394,-62.63839203530959,26.416062047632376,-3.6795068855419992,0.03167946513699471
39.50186078462581,-62.01252882241773,26.21058458499289,-3.66877012733852,0.03141229046472338
39.074782703264496,-61.39199473331229,26.00570670319433,-3.6576128040607476,0.031146419862454255
38.65197821811391,-60.776762573091894,25.801451888167563,-3.646048879999783,0.030881869085792157
38.233410814978335,-60.166804865955655,25.597842846025078,-3.6340920085017783,0.030618653189796508
37.819044168886926,-59.56209386846137,25.394901520425307,-3.621755537992641,0.030356786545979286
37.40884214593687,-58.96260158247351,25.19264910960053,-3.609052517884926,0.0300962828582243
37.002768805047566,-58.36829976779486,24.99110608305489,-3.5959957043825286,0.029837155178967123
36.6007883996276,-57.779159954487774,24.790292197938278,-3.5825975661853295,0.02957941592506952
36.20286537915706,-57.19515345490424,24.59022651510162,-3.56887029008136,0.029323076892771027
35.808964390686874,-56.61625137541482,24.390927414839886,-3.554825786445682,0.02906814927307666
35.41905028025729,-56.04242462785491,24.192412612328063,-3.5404756946340985,0.02881464366625952
35.033088094237726,-55.473643940688255,23.99469917275584,-3.5258313882797867,0.028562570096339
34.65104308058968,-54.90987986988794,23.79780352616659,-3.5109039805005633,0.028311938025524785
34.27288069005458,-54.35110280955344,23.60174148200551,-3.4957043290042575,0.02806275636776867
33.89856657726863,-53.79728300226161,23.40652824338268,-3.480243041102196,0.027815033502393227
33.528066601806394,-53.248390549155516,23.21217842105613,-3.464530478633904,0.027568777287508617
33.161346829154745,-52.70439541977774,23.01870604713992,-3.448576762803296,0.0273239950731039
32.79837353161928,-52.16526746165851,22.826124588542122,-3.4323917789221907,0.027080693713627646
32.43911318916456,-51.63097640965528,22.634446960137936,-3.4159851810719686,0.026838879580705743
32.08353249019013,-51.101491895056455,22.443685537682452,-3.3993663966764522,0.026598558575243292
31.73159833224376,-50.57678345444562,22.25385217046805,-3.382544630996826,0.026359736139674794
31.383277822673712,-50.056820538344056,22.064958193730824,-3.3655288715359557,0.02612241726936615
31.0385382792214,-49.54157251962012,21.877014440810985,-3.3483278923710897,0.02588660652452468
30.697347230556208,-49.03100870168506,21.69003125507139,-3.330950258400052,0.02565230804117613
30.359672416753792,-48.52509832646759,21.504018501578862,-3.313404329515778,0.0254195255424845
30.025481789719624,-48.02381058218353,21.318985578552468,-3.29569826469746,0.025188262349284063
29.69474351355881,-47.52711461088966,21.134941428583268,-3.277840026036375,0.02495852139110255
29.367425964894007,-47.034979515845926,20.951894549629298,-3.259837382676064,0.024730305216039916
29.043497733132643,-46.54737436867117,20.76985300579048,-3.241697914688859,0.024503616001315454
28.72292762068477,-46.064268216307624,20.588824437867075,-3.2234290168780655,0.024278455563092827
28.405684643133092,-45.58563008779676,20.408816073705793,-3.205037902508435,0.02405482536615633
28.091738029356172,-45.11142900086409,20.229834738337587,-3.186531606973389,0.023832726533692394
27.78105722160636,-44.641633968329366,20.051886863910667,-3.167916991386314,0.02361215985627796
27.47361187554372,-44.17621400433163,19.874978499422937,-3.1492007461129212,0.023393125801348003
27.169371860226725,-43.71513813038058,19.699115320257192,-3.1303893942374166,0.02317562452211064
26.868307258061705,-43.258375381245486,19.524302637522748,-3.1114892949553528,0.022959655865920414
26.570388364711363,-42.805894810660725,19.350545407207587,-3.0925066469211884,0.0227452193836144
26.275585688964277,-42.35766549688636,19.177848239143582,-3.073447491513484,0.02253231433703684
25.983869952565946,-41.91365654809243,19.006215405789376,-3.0543177160569606,0.0223209397080133
25.695212090012777,-41.47383710759645,18.835650850833318,-3.035123056973887,0.02211109420592905
25.409583248310067,-41.0381763589443,18.666158197620433,-3.0158691028803837,0.021902776275755986
25.126954786694906,-40.60664353083968,18.497740757406458,-2.9965612976265015,0.02169598410581841
24.84729827632525,-40.17920790193004,18.33040153744213,-2.9772049432760674,0.021490715635179125
24.57058549993593,-39.75583880544335,18.164143248891055,-2.9578052030368225,0.021286968561270214
24.296788451462724,-39.336505633690685,17.998968314583966,-2.938367104128985,0.021084740346815956
24.025879335635427,-38.921177842428584,17.834878876612763,-2.9188955406030463,0.0208840282270204
23.75783056754105,-38.509824955085165,17.67187680376721,-2.899395276106753,0.02068482921655912
23.492614772157587,-38.102416566854544,17.509963698817124,-2.8798709466002927,0.020487140116339564
23.23020478385987,-37.698922348667715,17.349140905642912,-2.8603270630150104,0.020290957519875086
22.970573645898003,-37.299312051030995,17.18940951621767,-2.8407680138692886,0.020096277820058628
22.713694609849178,-36.90355550774343,17.030770377443154,-2.821198067832976,0.019903097215388854
22.45954113504426,-36.51162263949874,16.873224097842606,-2.8016213762382303,0.019711411715929383
22.208086887969117,-36.12348345735801,16.716771054113302,-2.782041975555573,0.01952121714989774
21.959305741642474,-35.73910806612329,16.561411397540873,-2.7624637898058237,0.019332509168832335
21.71317177497013,-35.35846666758043,16.407145060278904,-2.742890632946237,0.019145283254229817
21.46965927207716,-34.98152956364973,16.25397176149531,-2.7233262111921883,0.018959534722368332
21.228742721618296,-34.60826715941375,16.101891013389046,-2.703774125311443,0.018775258730552302
20.990396816067353,-34.23864996604787,15.950902127078686,-2.684237872866414,0.018592450282150175
20.75459645098667,-33.87264860365086,15.801004218365803,-2.6647208504108346,0.018411104231752073
20.521316724276936,-33.510233803965406,15.652196213375673,-2.6452263556549975,0.018231215290780423
20.290532935408255,-33.15137641300775,15.504476854077065,-2.625757589582044,0.018052778032205286
20.06222058463316,-32.796047393600446,15.357844703683844,-2.6063176585248975,0.017875786895522605
19.836355372182243,-32.444217827809574,15.212298151940594,-2.586909576205457,0.017700236191659613
19.612913197442843,-32.09585891928793,15.06783542029437,-2.5675362657376137,0.01752612010780652
19.39187015812178,-31.750941995536152,14.924454566954587,-2.5482005615838195,0.017353432711672667
19.173202549392272,-31.409438510067723,14.782153491843639,-2.5289052114836554,0.017182167956395045
18.956886863026202,-31.071320044497185,14.640929941439849,-2.509652878336064,0.01701231968453243
18.742899786511913,-30.73655831053549,14.50078151351527,-2.490446142055695,0.016843881632802482
18.531218202158115,-30.40512515190985,14.361705661769847,-2.471287501387101,0.016676847435997733
18.321819186184833,-30.07699254620562,14.22369970036426,-2.4521793756822707,0.016511210631010798
18.11468000780145,-29.75213260662264,14.086760808353503,-2.43312410665239,0.016346964661202446
17.909778128272706,-29.43051758366405,13.950886034022634,-2.4141239600767874,0.01618410287992189
17.707091199973185,-29.112119866747157,13.816072299127097,-2.39518112748298,0.016022618554503598
17.50659706543056,-28.79691198573884,13.682316403039218,-2.376297727797698,0.015862504870143734
17.308273756358297,-28.48486661242672,13.549615026802515,-2.3574758089589842,0.015703754933240166
17.11209949267838,-28.17595656191799,13.417964737095962,-2.338717349500718,0.015546361775106377
16.91805268153408,-27.870154793966826,13.287361990109781,-2.3200242601109236,0.015390318355634314
16.726111916293966,-27.567434414248357,13.15780313533421,-2.301398385146517,0.01523561756611036
16.536255975546787,-27.26776867555177,13.029284419263686,-2.2828415041367482,0.015082252233303173
16.348463822088448,-26.971130978926684,12.90180198901705,-2.2643553332402906,0.01493021512195325
16.162714601900852,-26.6774948747556,12.775351895876414,-2.245941526687877,0.014779498938523261
15.97898764312347,-26.38683406377713,12.649930098745436,-2.227601678185652,0.014630096333789755
15.797262455017878,-26.099122398045065,12.525532467529258,-2.209337322297642,0.014481999906123644
15.617518726925587,-25.814333881830535,12.4021547864372,-2.1911499358015494,0.014335202204428743
15.43973632721982,-25.53244267247515,12.279792757209782,-2.173040939011186,0.014189695730701501
15.263895302251218,-25.253423081180614,12.158442002271876,-2.155011697083487,0.014045472943265747
15.089975875288307,-24.977249573756367,12.03809806781287,-2.137063521288429,0.013902526258992687
14.917958445452621,-24.703896771306738,11.91875642679592,-2.119197670264045,0.013760848056380226
14.747823586649321,-24.43333945087617,11.80041248189711,-2.1014153512380496,0.013620430677757867
14.579552046493095,-24.16555254603702,11.683061568376411,-2.08371772123498,0.013481266432213701
14.413124745230295,-23.900511147441467,11.566698956881195,-2.0661058882469994,0.01334334759750666
14.248522774657,-23.638190503315005,11.451319856184401,-2.0485809123947685,0.01320666642302415
14.085727397033903,-23.378566019915326,11.336919415857857,-2.0311438070541517,0.01307121513162679
13.924720043997949,-23.12161326193951,11.223492728882675,-2.0137955399690806,0.012936985922282318
13.7654823154711,-22.867307952893636,11.111034834197527,-1.9965370343368032,0.012803970972035561
13.607995978566699,-22.615625975420247,10.999540719186282,-1.9793691698721805,0.012672162438188028
13.45224296649352,-22.36654337158191,10.88900532210623,-1.9622927838545043,0.012541552460552552
13.2982053774577,-22.120036343108715,10.779423534457857,-1.945308672149843,0.01241213316333778
13.145865473563262,-21.87608125161039,10.67079020329749,-1.9284175902097733,0.012283896656998694
12.99520567971103,-21.634654618742072,10.563100133494212,-1.911620254059834,0.012156835040587621
12.846208582496256,-21.395733126340303,10.456348089931558,-1.894917341261227,0.012030940403334744
12.698856929105643,-21.159293616527854,10.350528799655502,-1.8783094918486183,0.011906204826283462
12.553133626213347,-20.92531309177137,10.24563695397008,-1.8617973092630253,0.011782620384672038
12.40902173887669,-20.693768714919177,10.141667210480922,-1.84538136125123,0.01166017914903228
12.266504489431666,-20.46463780919954,10.038614195088549,-1.829062180754669,0.011538873187205478
12.125565256388354,-20.23789785818686,9.936472503932029,-1.8128402667809438,0.011418694566005083
11.98618757332672,-20.013526505742057,9.83523670528398,-1.796716085252357,0.011299635352580273
11.848355127792626,-19.791501555916295,9.734901341398169,-1.7806900698447308,0.01118168761628735
11.712051760194663,-19.571800972834794,9.635460930310279,-1.764762622799325,0.011064843429769766
11.577261462701726,-19.3544028805439,9.53690996759333,-1.7489341157275609,0.010949094870823517
11.443968378141562,-19.139285562835664,9.439242928068168,-1.7332048903941664,0.010834434023593298
11.312156798900688,-18.92642746304696,9.342454267470218,-1.717575259483102,0.010720852979900775
11.181811165825636,-18.715807183827312,9.246538424073458,-1.7020455073538732,0.010608343840844858
11.05291606712571,-18.507403486885885,9.151489820272165,-1.6866158907778799,0.010496898717908376
10.925456237277547,-18.301195292716617,9.057302864121539,-1.671286639657043,0.010386509734109373
10.799416555931616,-18.097161680295578,8.96397195083819,-1.6560579577322745,0.010277169025426192
10.674782046820754,-17.89528188675618,8.871491464261078,-1.6409300232766262,0.010168868741953219
10.551537876670855,-17.695535307042945,8.779855778273724,-1.6259029897735051,0.010061601049025759
10.429669354114155,-17.4979014935483,8.689059258188559,-1.6109769865759824,0.009955358128128422
10.309161928604786,-17.30236015571894,8.599096262094458,-1.5961521195629462,0.009850132178430338
10.190001189337291,-17.108891159652366,8.509961142167613,-1.5814284717705673,0.009745915417356699
10.072172864167559,-16.91747452766608,8.421648245947177,-1.5668061040191115,0.009642700081971434
9.955662818537167,-16.728090437856963,8.33415191757586,-1.5522850555169891,0.009540478429544086
9.84045705440043,-16.54071922363014,8.247466499006833,-1.537865344465452,0.00943924273907415
9.726541709154748,-16.355341373221904,8.16158633117684,-1.523546968638067,0.009338985311669878
9.613903054574367,-16.171937529201806,8.076505755146957,-1.5093299059520873,0.009239698471617652
9.502527495747474,-15.990488487954282,7.992219113211446,-1.4952141150321745,0.00914137456743136
9.392401570016833,-15.810975199149173,7.908720749975118,-1.4811995357570897,0.00904400597246302
9.283511945924232,-15.63337876519731,7.8260050134001835,-1.4672860897943645,0.008947585085689047
9.175845422158444,-15.457680440685888,7.744066255823229,-1.4534736811295257,0.008852104332740751
9.069388926507228,-15.283861631808,7.662898834942652,-1.4397621965749252,0.008757556166260061
8.964129514813221,-15.111903895771325,7.582497114777672,-1.4261515062753984,0.008663933066955565
8.860054369933943,-14.941788940196364,7.5028554665991045,-1.4126414642001042,0.008571227544169169
8.757150800705872,-14.773498622501274,7.42396826983268,-1.3992319086245288,0.00847943213657909
8.655406240912788,-14.607014949276504,7.345829912935429,-1.3859226625998595,0.008388539412750085
8.554808248258452,-14.442320075645592,7.268434794245868,-1.3727135344144437,0.008298541971852869
8.455344503343674,-14.279396304614162,7.191777322808412,-1.3596043180457584,0.008209432444284515
8.357002808647792,-14.11822608640972,7.115851919172544,-1.3465947936007543,0.008121203492166496
8.259771087514848,-13.958792017811811,7.040653016167402,-1.3336847277457118,0.008033847809860939
8.163637383144243,-13.80107684146735,6.966175059652353,-1.3208738741319181,0.007947358124726689
8.06858985758611,-13.645063445202789,6.8924125092437984,-1.3081619738050463,0.007861727197328694
7.9746167907415195,-13.490734861323986,6.819359839019123,-1.2955487556088754,0.007776947822073277
7.881706579367502,-13.338074265905016,6.747011538198089,-1.2830339365825427,0.0076930128277810095
7.789847736086822,-13.187064978070815,6.675362111802057,-1.2706172223466383,0.0076099150780324365
7.699028888402845,-13.037690459275462,6.604406081291637,-1.2582983074767125,0.007527647471425647
7.609238777719301,-12.8899343125659,6.534137985183484,-1.246076875875903,0.007446202942308133
7.520466258365212,-12.743780281842385,6.46455237964629,-1.2339526011349422,0.007365574460981739
7.432700296624725,-12.599212251109867,6.39564383907666,-1.221925146886366,0.007285755034174279
7.345929969772271,-12.456214243727972,6.327406956655224,-1.2099941671451124,0.007206737705152788
7.260144465112881,-12.31477042164725,6.259836344883714,-1.1981593066495024,0.0071285155544109635
7.175333079027619,-12.174865084642626,6.192926636103006,-1.1864202011911285,0.0070510816998432535
7.091485216024472,-12.036482669545093,6.126672482992738,-1.1747764779330556,0.006974429296870754
7.0085903877943885,-11.899607749460982,6.061068559053164,-1.163227755728442,0.006898551539061826
6.926638212272824,-11.764225032992151,5.996109559069204,-1.1517736454254737,0.006823441658128981
6.845618412706514,-11.630319363446846,5.931790199557475,-1.1404137501702967,0.006749092924403177
6.765520816725797,-11.497875718051066,5.868105219196402,-1.1291476656976183,0.006675498646846467
6.686335355422333,-11.366879207150799,5.805049379240101,-1.117974980619987,0.006602652173514523
6.6080520624323364,-11.237315073413013,5.742617463916104,-1.1068952767075289,0.006530546891648337
6.530661073025194,-11.109168691022557,5.680804280807467,-1.095908129161695,0.006459176227898267
6.454152623197764,-10.9824255648779,5.619604661219594,-1.0850131068802167,0.006388533648409522
6.3785170487742056,-10.85707132977856,5.5590134605322525,-1.0742097727215034,0.006318612659240941
6.303744784511254,-10.733091749612502,5.499025558536836,-1.0634976837598045,0.006249406806395186
6.229826363209208,-10.61047271654487,5.439635859759374,-1.0528763915300288,0.0061809096757838855
6.156752414828618,-10.489200250197541,5.380839293769869,-1.0423454422741105,0.006113114893683491
6.084513665612338,-10.36926049682709,5.322630815477874,-1.0319043771809697,0.006046016126834752
6.013100937213501,-10.250639728509498,5.265005405414674,-1.021552732611311,0.005979607082151839
5.9425051458289335,-10.133324342311578,5.2079580700029116,-1.0112900403295269,0.00591388150736627
5.872717301338368,-10.017300859469014,5.151483841813259,-1.0011158277212706,0.005848833190740033
5.803728506449315,-9.902555924558923,5.095577779808949,-0.9910296180102652,0.005784455961342694
5.735529955847632,-9.789076304672326,5.040234969578189,-0.9810309304687795,0.0057207436890759356
5.668112935353719,-9.676848888586113,4.985450523554823,-0.9711192806225172,0.0056576902847153
5.601468821084547,-9.565860685935403,4.931219581227559,-0.9612941804493033,0.005595289699911521
5.5355890786212525,-9.456098826381782,4.877537309338093,-0.9515551385767423,0.005533535927399025
5.470465262182486,-9.347550558785624,4.824398902068197,-0.9419016604702025,0.005472423000821736
5.406089013803593,-9.240203250376096,4.771799581216315,-0.9323332486184192,0.0054119449948571985
5.34245206252136,-9.134044385917704,4.71973459636378,-0.9228494027182245,0.005352096025392217
5.279546223564563,-9.029061566883804,4.668199225030734,-0.9134496198472808,0.005292870249211101
5.217363397550167,-8.92524251062576,4.617188772822387,-0.9041333946374778,0.005234261864212053
5.155895569685277,-8.822575049544296,4.5666985735656,-0.8949002194420778,0.00517626510931668
5.095134808974874,-8.721047130260382,4.516723989436132,-0.8857495844997738,0.0051188742645028595
5.035073267435126,-8.6206468127854,4.467260411076723,-0.8766809780961954,0.005062083650849258
4.975703179312415,-8.521362269697537,4.418303257706164,-0.8676938867154803,0.005005887630253558
4.917016860308258,-8.423181785315615,4.369847977219896,-0.8587877951917854,0.004950280605561352
4.859006706809568,-8.326093754869085,4.321890046282155,-0.849962186862347,0.004895257020753774
4.801665195124956,-8.230086683682234,4.2744249704095605,-0.8412165437025715,0.004840811360291131
4.7449848807263875,-8.135149186345744,4.2274482840471705,-0.8325503464727599,0.004786938149710651
4.68895839749681,-8.041269985900632,4.180955550636332,-0.8239630748492741,0.004733631955053719
4.633578456983136,-7.9484379130144065,4.1349423626752175,-0.8154542075624519,0.004680887383236021
4.578837847655146,-7.856641905169148,4.089404341771652,-0.807023222519874,0.00462869908149488
4.5247294341696795,-7.765871005841414,4.044337138689058,-0.7986695969371852,0.004577061737775723
4.47124615664085,-7.676114363694933,3.999736433385097,-0.7903928074537153,0.00452597008013822
4.418381029915482,-7.58736123176175,3.9555979350438535,-0.7821923302597188,0.0044754188772991865
4.366127142854439,-7.4996009666398225,3.911917382100912,-0.7740676412047724,0.00442540293786664
4.314477657619299,-7.412823027681745,3.8686905422623834,-0.7660182159152144,0.0043759171107562445
4.26342580896467,-7.327016976193544,3.825913212517368,-0.7580435299000694,0.004326956284722461
4.212964903536107,-7.242172474632082,3.7835812191445113,-0.7501430586581681,0.0042785153884246085
4.1630883191734585,-7.158279285803732,3.741690417712569,-0.7423162777836985,0.0042305893903678005
4.113789504219723,-7.075327272069608,3.700236693075085,-0.7345626630645798,0.004183173298597076
4.065061976835516,-6.993306394552448,3.659215959359573,-0.7268816905791653,0.004136262160619575
4.016899324318784,-6.912206712341966,3.6186241599512923,-0.7192728367949004,0.004089851063475036
3.9692952024302235,-6.832018381711444,3.5784572674715274,-0.7117355786551184,0.004043935133209553
3.9222433347238943,-6.752731655327596,3.5387112837510055,-0.7042693936737675,0.0039985095351880995
3.875737511883414,-6.674336881472317,3.4993822397980363,-0.6968737600178285,0.0039535694735367555
3.82977159106344,-6.59682450326092,3.4604661957620406,-0.6895481565944311,0.00390911019130491
3.784339495236514,-6.520185057867475,3.42195924089222,-0.6822920631311418,0.00386512697012964
3.739435212545363,-6.444409175752613,3.3838574934917403,-0.6751049602546535,0.003821615130117584
3.6950527956603954,-6.369487579891419,3.3461571008675195,-0.6679863295705835,0.0037785700298369473
3.6511863611425315,-6.2954110850099045,3.308854239275562,-0.6609356537352079,0.003735987065912605
3.607830088811394,-6.222170596822341,3.271945113862287,-0.6539524165276913,0.003693861672981247
3.5649782211186194,-6.149757111269408,3.235425958601818,-0.6470361029229708,0.0036521893236485248
3.52262506252641,-6.078161713765443,3.199293036229214,-0.6401861991563346,0.0036109655280587294
3.4807649788914987,-6.007375578446616,3.1635426381700773,-0.6334021927887526,0.0035701858338462733
3.4393923968539735,-5.937389967417426,3.1281710844665307,-0.6266835727758816,0.003529845826207745
3.398501803231519,-5.868196230012175,3.0931747236993274,-0.6200298295226521,0.003489941127196805
3.358087744418642,-5.799785802049968,3.058549932906922,-0.6134404549469735,0.0034504673960196186
3.3181448257910175,-5.732150205098397,3.024293117500977,-0.6069149425360812,0.0034114203286229605
3.278667711115076,-5.665281045740872,2.9904007111787276,-0.600452787401111,0.0033727956575165807
3.2396511219623307,-5.599170014842773,2.9568691758322974,-0.5940534863352694,0.0033345891518210546
3.2010898371290284,-5.533808886832057,2.923695001454762,-0.5877165378585912,0.00329679661658544
3.162978692060626,-5.469189518972094,2.8908747060437214,-0.5814414422736527,0.0032594138931419936
3.1253125782813838,-5.405303850645159,2.8584048355017524,-0.5752277017121818,0.0032224368586009078
3.088086442828652,-5.342143902636911,2.826281963534263,-0.5690748201831974,0.0031858614257955775
3.051295287692447,-5.279701776430898,2.7945026915446576,-0.5629823036128848,0.003149683542806425
3.01493416925951,-5.217969653495148,2.7630636485272753,-0.5569496598958686,0.003113899193321168
2.978998197762571,-5.156939794587117,2.731961490957465,-0.5509763989292367,0.003078504395768955
2.9434825367342192,-5.096604539050708,2.7011929026797605,-0.5450620326581355,0.0030434952036819674
2.9083824024657314,-5.03695630412505,2.670754594793508,-0.5392060751114284,0.003008867705136087
2.873693063470588,-4.977987584252863,2.640643305536504,-0.5334080424408298,0.002974618022761333
2.8394098399527783,-4.919690950395947,2.610855800166449,-0.527667452955311,0.0029407423133995803
2.8055281032797956,-4.862059049353346,2.581388870840476,-0.5219838271556898,0.0029072367679693345
2.7720432754604194,-4.805084603084222,2.5522393364927503,-0.5163566877672499,0.002874097611236248
2.738950828626981,-4.748760408032966,2.523404042710248,-0.5107855597731273,0.002841321101698213
2.7062462845224124,-4.693079334463737,2.4948798616066674,-0.5052699704406628,0.002808903531135054
2.673925213991992,-4.638034325793232,2.4666636916948717,-0.49980944935299726,0.0027768412246803598
2.6419832364793647,-4.583618397927239,2.4387524577575648,-0.4944035284398933,0.002745130540634466
2.6104160195273503,-4.529824638611253,2.4111431107162495,-0.48905174199658136,0.0027137678697970458
2.5792192782833143,-4.476646206774472,2.3838326274991277,-0.48375362671328703,0.002682749635765147
2.5483887750087826,-4.424076331878919,2.3568180109073578,-0.47850872170263514,0.0026520722946831166
2.5179203185937054,-4.37210831328239,2.3300962894797763,-0.47331656851545345,0.0026217323345858468
2.48780976407517,-4.32073551959603,2.3036645173567414,-0.4681767111660021,0.0025917262756380843
2.4580530121603483,-4.269951388047144,2.277519774142565,-0.4630886961550741,0.0025620506698792456
2.428646008754057,-4.219749423853052,2.251659164766655,-0.4580520724846248,0.002532702100695672
2.3995847444904297,-4.170123199590122,2.2260798193438416,-0.45306639168134377,0.002503677183034958
2.3708652542689896,-4.121066354575388,2.2007788930333865,-0.44813120781012117,0.0024749725628059327
2.3424836167951293,-4.0725725942481725,2.17575356589724,-0.443246077491234,0.0024465849168673337
2.3144359541246127,-4.024635689552849,2.151001042757339,-0.43841055992001193,0.002418510952962749
2.286718431212527,-3.9772494763348236,2.126518553051806,-0.43362421687579533,0.0023907474090911207
2.2593272554662143,-3.930407854731832,2.102303350690648,-0.42888661273981193,0.002363291053714134
2.2322586763025685,-3.8841047885764888,2.0783527139104594,-0.4241973145045334,0.0023361386852182586
2.205508984709397,-3.8383343047966396,2.054663945128597,-0.4195558917892659,0.0023092871320056774
2.1790745128108124,-3.7930904928241427,2.03123437079649,-0.41496191685035866,0.002282733252088498
2.152951633436814,-3.7483675040095488,2.0080613412523776,-0.41041496458881993,0.0022564739328010397
2.1271367596968136,-3.70415955103603,1.9851422305736206,-0.405914612562631,0.0022305060908228147
2.1016263445572734,-3.660460907341722,1.9624744364283262,-0.40146044099374434,0.0022048266717732967
2.0764168804233223,-3.617265906543489,1.9400553799265818,-0.3970520327774347,0.0021794326501334282
2.0515048987241946,-3.574568941866095,1.917882505471167,-0.3926889734896465,0.0021543210289804993
2.026886969502859,-3.5323644655789983,1.8959532806078547,-0.388370851389938,0.002129488839620053
2.0025597010092975,-3.4906469884287734,1.8742651958755479,-0.38409725743314255,0.0021049331417775097
1.9785197392977276,-3.4494110790855923,1.852815764655766,-0.3798677852696036,0.0020806510229293695
1.9547637678278047,-3.4086513635895543,1.8316025230221165,-0.375682031249531,0.0020566395982976604
1.9312885070694363,-3.3683625247970523,1.8106230295895256,-0.37153959443128043,0.0020328960108358385
1.908090714111494,-3.328539301839713,1.7898748653630037,-0.3674400765798513,0.002009417430629157
1.8851671822742986,-3.2891764895822364,1.7693556335864977,-0.36338308217056553,0.0019862010549334674
1.8625147407257154,-3.2502689380838414,1.7490629595915352,-0.3593682183927821,0.0019632441079943663
1.8401302541010622,-3.2118115520684367,1.7289944906456634,-0.35539509514805123,0.0019405438406271402
1.8180106221267112,-3.173799290394078,1.7091478958009894,-0.3514633250530394,0.001918097530237639
1.7961527792470857,-3.1362271655272735,1.6895208657425587,-0.3475725234411346,0.0018959024805831892
1.7745536942556832,-3.0990902430285083,1.6701111126366428,-0.3437223083557766,0.001873956021236245
1.7532103699292456,-3.062383641027722,1.6509163699794,-0.3399123005587663,0.0018522555080410785
1.7321198426658273,-3.026102529719993,1.6319343924450713,-0.33614212352045403,0.0018307983221572677
1.7112791821261362,-2.990242130852573,1.613162955734726,-0.3324114034233909,0.0018095818704515487
1.6906854908785642,-2.954797717224485,1.594599856424801,-0.3287197691562136,0.0017886035848981852
1.6703359040475323,-2.9197646121839775,1.5762429118159837,-0.3250668523138637,0.0017678609226667863
1.650227588965441,-2.8851381891352914,1.5580899597820816,-0.3214522871915984,0.0017473513656748318
1.6303577448278506,-2.8509138710441913,1.5401388586192257,-0.31787571078432797,0.0017270724206328025
1.6107236023522256,-2.8170871299536624,1.5223874868951133,-0.31433676277880696,0.0017070216185570697
1.5913224234399104,-2.7836534864972067,1.5048337432986842,-0.3108350855524163,0.0016871965148694823
1.5721515008414573,-2.750608509420989,1.4874755464898666,-0.3073703241662242,0.001667594688971652
1.5532081578253538,-2.7179478151085936,1.470310834949709,-0.3039421263591446,0.0016482137441105604
1.5344897478498518,-2.685667067106675,1.4533375668308406,-0.30055014254506524,0.0016290513073245472
1.5159936542381949,-2.653761975660853,1.4365537198080895,-0.2971940258027015,0.0016101050289522578
1.4977172898570328,-2.622228297249262,1.41995729092967,-0.2938734318719533,0.0015913725827301217
1.479658096798022,-2.5910618341223595,1.4035462964685705,-0.29058801914733146,0.0015728516654876512
1.4618135460625743,-2.5602584338477317,1.3873187717743118,-0.28733744866982514,0.0015545399969015827
1.444181137249706,-2.5298139888582094,1.3712727711251562,-0.2841213841190581,0.0015364353193293434
1.4267583982471175,-2.4997244360043034,1.3554063675807577,-0.2809394918046014,0.0015185353975947224
1.4095428849253357,-2.4699857561067637,1.3397176528352943,-0.2777914406610397,0.0015008380189703852
1.3925321808347482,-2.440593973516391,1.3242047370708794,-0.2746769022389605,0.0014833409928265984
