-357.25183543908423,-18186.982309721097,-391.44744639943684,19758.940378912994,-845.259017262839
-482.5049360315573,-574.1603996013579,711.9658803854857,500.59360879803876,823.2587873533739
-486.459158291346,2759.949260900765,739.9209047268012,-3116.269739115992,155.8941535506092
-467.4514858518699,558.4117588933278,565.8967164830425,-696.8223586407315,-102.85873177977192
-463.6057239207495,-297.77204073291904,526.9835428926991,252.75920697665325,-39.965369116231045
-465.6564693790331,94.3043695637711,541.0985648573017,-161.52047748060738,18.3649852156839
-465.00699853850966,269.38393636200783,532.078655692994,-338.4527321655805,8.225987561432248
-463.1517609457886,225.71493390613978,513.1781859311224,-276.7703474414045,-1.9971386490884129
-461.59727022048247,202.79531485457585,497.7222918411914,-238.23889729430405,-1.0289885499310003
-460.2006260967574,216.50508040721863,484.4181384204126,-240.11765245177776,0.6814391809807319
-458.70956330507414,228.60117627619854,471.00906826630865,-240.5847291805714,0.6049402790960983
-457.1351951311757,234.5363522153709,457.5739147961311,-234.67531372808764,0.3159520568616472
-455.51995161158845,240.1484615731987,444.4687652451282,-228.76665071177035,0.29975815223863833
-453.8660576943729,246.44406543811337,431.6935775944428,-223.94971988667928,0.33062449496810586
-452.1688061771578,252.57458667582713,419.18738542452104,-219.2887825602856,0.3218654515039816
-450.42933397812783,258.352873400668,406.94147747342015,-214.57224223822743,0.3043833629047583
-448.6500669238507,263.9041689281456,394.95895882092907,-209.93006587499048,0.2927746577328776
-446.83256829463267,269.2671582249744,383.2356767047226,-205.39757292799226,0.2829949502335012
-444.9781349487898,274.4302283474355,371.765505991525,-200.95523073971506,0.2726937070721078
-443.0881437225684,279.3924286436714,360.54341232490407,-196.5953199430011,0.26236865045567015
-441.1639779993205,284.1604687256151,349.5647924268371,-192.31862711320474,0.2523773030059431
-439.20697495353926,288.73970442098096,338.824999093984,-188.12458219184413,0.24265603992694196
-437.2184348743227,293.13424767458014,328.3194169572082,-184.01137936394426,0.23314636958156143
-435.19962973195135,297.3482633254777,318.04353149085296,-179.97739344913305,0.22385039352136005
-433.1518028136067,301.3859993795198,307.9929189254279,-176.0212102661794,0.2147716352462794
-431.0761681506056,305.25160722767293,298.16323446462593,-172.14142763260634,0.2059052251615583
-428.9739111837823,308.94913328500854,288.5502116152676,-168.33664405156358,0.19724590908691653
-426.8461894864549,312.48254523216593,279.14966214901307,-164.60548525269613,0.1887896649302263
-424.69413330666544,315.8557355555423,269.95747458193284,-160.94660592429474,0.18053264202799824
-422.5188460850409,319.07251963976523,260.969612557348,-157.35868553479966,0.17247090651497388
-420.3214049857898,322.1366367722417,252.18211346201403,-153.84042738554143,0.16460057727269373
-418.1028614207814,325.0517519415348,243.59108709520268,-150.39055857266783,0.15691786292447318
-415.86424156123866,327.8214572407147,235.19271433991028,-147.00782955670894,0.14941904328827604
-413.60654683976776,330.44927312927706,226.9832458581028,-143.69101361666623,0.14210046267740495
-411.3307544436951,332.9386497193725,218.9590008164471,-140.43890636894162,0.13495853094588028
-409.03781779954767,335.29296805739637,211.11636563890653,-137.250325318396,0.12798972318284996
-406.72866704870563,337.5155413784845,203.45179278440733,-134.1241094160329,0.12119057835923286
-404.4042095144172,339.6096163377188,195.96179954920575,-131.05911862657862,0.11455769815330541
-402.06533016033194,341.57837422127824,188.64296689340276,-128.05423350863416,0.10808774592877057
-399.71289204069495,343.4249321375534,181.49193829090495,-125.10835480658275,0.10177744571490166
-397.34773674233656,345.1523441880691,174.50541860217484,-122.22040305327823,0.09562358118066072
-394.97068481859833,346.7636026186234,167.68017296916835,-119.38931818318585,0.08962299462913847
-392.58253621533146,348.26163895095095,161.01302573187607,-116.61405915556335,0.08377258600756932
-390.1840706891013,349.6493250952031,154.5008593659076,-113.8936035872796,0.0780693119322109
-387.77604821773014,350.9294744435734,148.14061344058047,-111.22694739493275,0.07251018472977933
-385.3592094033079,352.1048429453035,141.92928359699468,-108.61310444584863,0.06709227149096364
-382.9342758678003,353.1781301634223,135.8639205455968,-106.05110621769546,0.06181269314167537
-380.5019506413786,354.1519803133896,129.9416290827524,-103.54000146626848,0.05666862352333624
-378.06291854359586,355.0289832840844,124.15956712587045,-101.0788559013168,0.05165728849490847
-375.6178465575327,355.81167564127037,118.5149447666313,-98.66675186996497,0.04677596504220105
-373.16738419703154,356.5025416138748,113.00502334189294,-96.30278804752497,0.042021980404015835
-370.7121638671384,357.104014063337,107.62711452186396,-93.98607913542114,0.03739271121125398
-368.252801217869,357.6184754363312,102.3785794151453,-91.71575556602541,0.03288558264144115
-365.78989549141363,358.0482587010332,97.25682769025507,-89.49096321406299,0.028498067582120257
-363.3240298628938,358.3956482672801,92.25931671326974,-87.3108631144644,0.024227685811652577
-360.8557717747814,358.66288089085015,87.38355070122135,-85.17463118641913,0.020072003191643262
-358.385673265091,358.8521465620903,82.62707989090477,-83.08145796340088,0.01602863087099138
-355.9142712894514,358.9655893791533,77.9874997227611,-81.03054832898573,0.012095224503198665
-353.4420880371638,359.0053084061151,73.4624500395143,-79.02112125830641,0.008269483477278072
-350.9696312413496,358.9733585161765,69.04961429924575,-77.052409564926,0.00454915015919255
-348.4973944832915,358.8717512202155,64.7467188026044,-75.12365965299368,0.000932009146680457
-346.0258574910684,358.7024554808984,60.55153193385754,-73.23413127449311,-0.0025841134652466735
-343.5554864325833,358.4673985126127,56.46186341549757,-71.383097291465,-0.006001350805576067
-341.08673420308213,358.1684665674284,52.475563576127314,-69.56984344303342,-0.009321795938021182
-338.62004070725993,357.80750570732295,48.59052263135541,-67.79366811710801,-0.012547502559812074
-336.1558331360486,357.3863225628846,44.80466997744066,-66.05388212662035,-0.01568048568958602
-333.6945262381793,356.90668507872186,41.11597349743221,-64.3498084901765,-0.01872272234373895
-331.23652258661167,356.3703232457972,37.52243887955891,-62.680782217005806,-0.021676152201749233
-328.7822128399188,355.7789298208814,34.022108947628,-61.046150096072914,-0.024542678261383344
-326.3319759987185,355.1341610333602,30.613063003200427,-59.445270489262214,-0.02732416748235522
-323.88617965723535,354.4376372795847,27.293416179315688,-57.877513128513336,-0.030022451420094853
-321.445180250082,353.69094380498865,24.06131880554527,-56.34225891682525,-0.032639326848304506
-319.00932329434204,352.89563137413154,20.91495578415881,-54.83889973298338,-0.0351765563733224
-316.57894362703894,352.0532169289356,17.85254597719502,-53.36683823999393,-0.03763586903507132
-314.1543656380707,351.16518423522564,14.87234160423036,-51.92548769703802,-0.040018960902223455
-311.73590349869323,350.232984517866,11.972627650648892,-50.51427177497219,-0.042327495652742186
-309.32386138562805,349.258037084563,9.15172128621529,-49.13262437515687,-0.0445631051505444
-306.9185337008752,348.24172993864806,6.407971293765123,-47.77998945167402,-0.04672739000663029
-304.520205287305,347.1854203809159,3.739757507823202,-46.45582083673581,-0.048821920136006725
-302.12915164010553,346.0904356007784,1.1454902629717363,-45.159582069296874,-0.05084823530168592
-299.7456391141585,344.9580732568564,-1.3763901482105614,-43.89074622673561,-0.052807845652282026
-297.3699251274169,343.7896020472349,-3.827414007809828,-42.64879575959073,-0.05470223224829596
-295.0022583603551,342.5862622694939,-6.209082696009473,-41.43322232921726,-0.05653284758254529
-292.64287895156195,341.3492663707685,-8.5228692054567,-40.24352664839052,-0.058301116087932314
-290.2920186895463,340.0797994879223,-10.770218646727757,-39.07921832470174,-0.06000843464070016
-287.9499012008214,338.7790199780368,-12.952548745047821,-37.939815706726165,-0.06165617305350679
-285.6167421343364,337.4480599394145,-15.071250328420309,-36.82484573294363,-0.06324567455858698
-283.29274934231967,336.0880257231912,-17.12768780731938,-35.733843783283696,-0.06477825628580547
-280.9781230575989,334.69999843574055,-19.12319964609213,-34.666353533267674,-0.06625520973152987
-278.6730560674603,333.28503443205676,-21.059098826215546,-33.62192681072811,-0.06767780121816003
-276.377733884111,331.8441658002398,-22.936673301552144,-32.60012345502288,-0.06904727234721975
-274.092334911804,330.37840083720323,-24.757186445743574,-31.60051117865985,-0.07036484044624558
-271.81703061068725,328.8887245158364,-26.52187749187686,-30.62266543137553,-0.07163169900421096
-269.5519856574355,327.37609894368734,-28.231961964560238,-29.6661692665329,-0.07284901810327327
-267.2973581027231,325.8414638133502,-29.888632104538182,-28.73061320983707,-0.07401794484132296
-265.05329952559464,324.2857368446815,-31.49305728597502,-27.81559513030507,-0.07513960374815909
-262.819955184791,322.70981421901337,-33.046384426532995,-26.92072011347792,-0.07621509719324848
-260.597464167084,321.1145710054561,-34.54973839037003,-26.04560033678503,-0.07724550578856082
-258.3859595326754,319.5008615794603,-36.00422238417737,-25.189854947057512,-0.07823188878294474
-256.1855684577138,317.8695200337672,-37.41091834637711,-24.353109940146396,-0.07917528444993138
-253.99641237398086,316.2213605818502,-38.77088732959716,-23.53499804257733,-0.08007671047015918
-251.81860710579863,314.55717795402285,-40.08516987653734,-22.735158595253512,-0.0809371643051442
-249.65226300421006,312.8777477862948,-41.35478638934104,-21.953237439122482,-0.08175762356664151
-247.4974850784804,311.18382700212027,-42.58073749258203,-21.188886802791462,-0.08253904637879828
-245.3543731249699,309.4761541871711,-43.76400438997542,-20.44176519206675,-0.08328237173362041
-243.22302185342562,307.7554499572406,-44.905549214919894,-19.711537281367928,-0.0839885198409469
-241.10352101073923,306.0224173193885,-46.00631537497628,-18.997873806973313,-0.08465839247282858
-238.99595550221784,304.2777420264782,-47.06722789038445,-18.300451462103023,-0.08529287330030044
-236.90040551041287,302.5220929251636,-48.08919372672126,-17.618952793742697,-0.08589282822709166
-234.8169466115527,300.75612229752863,-49.073102121796836,-16.95306610127837,-0.08645910571324933
-232.74564988962214,298.98046619636193,-50.01982490689009,-16.302485336767383,-0.08699253709928101
-230.6865820481331,297.1957447743234,-50.930216822415204,-15.666910006980588,-0.08749393691768859
-228.63980551962803,295.4025626069742,-51.80511582811753,-15.04604507703492,-0.0879641032055094
-226.60537857295924,293.6015090098854,-52.6453434078882,-14.439600875709175,-0.08840381780628981
-224.5833554183834,291.7931583498346,-53.451704869291085,-13.84729300231036,-0.08881384667123626
-222.57378631051378,289.97807035029666,-54.224989637888854,-13.268842235177736,-0.08919494015026608
-220.57671764916782,288.1567903912068,-54.965971546459556,-12.703974441662517,-0.08954783328371008
-218.59219207815093,286.32984980322016,-55.67540911918615,-12.152420489695052,-0.08987324608308
-216.62024858201295,284.4977661564568,-56.35404585090755,-11.613916160794394,-0.0901718838119745
-214.66092258081693,282.6610435439141,-57.002610481511915,-11.088202064589165,-0.09044443725809082
-212.71424602295522,280.82017285956636,-57.62181726555632,-10.57502355474384,-0.09069158300390612
-210.78024747605093,278.97563207132146,-58.212366237191546,-10.074130646350948,-0.09091398368902404
-208.8589522159791,277.1278864888391,-58.77494347047371,-9.585277934669735,-0.09111228827196882
-206.95038231404362,275.2773890263854,-59.31022133513792,-9.108224515281892,-0.09128713228340679
-205.05455672234416,273.42458046074404,-59.8188587479132,-8.642733905567185,-0.09143913807805326
-203.1714913573661,271.5698896843073,-60.301501419452215,-8.18857396751556,-0.09156891508050258
-201.3011991818283,269.7137339534346,-60.75878209695067,-7.745516831857473,-0.09167706002655684
-199.44369028481992,267.8565191321288,-61.1913208025297,-7.313338823454199,-0.09176415720185194
-197.59897196025906,265.99863993114224,-61.59972506745197,-6.8918203879571145,-0.09183077867499989
-195.76704878370504,264.1404801426052,-61.98459016224195,-6.480746019731271,-0.09187748452591293
-193.9479226875543,262.2824128701958,-62.34649932278132,-6.079904190953212,-0.09190482307304393
-192.14159303465152,260.4248007550055,-62.68602397244486,-5.689087281947462,-0.09191333109302935
-190.34805669034517,258.56799619713547,-63.00372394034611,-5.308091512696518,-0.09190353403834806
-188.56730809301666,256.71234157307504,-63.30014767575826,-4.936716875476671,-0.0918759462523342
-186.79933932311278,254.8581694490173,-63.575832458773164,-4.5747670686904955,-0.09183107117655886
-185.04414017070866,253.00580279008724,-63.83130460726535,-4.222049431768634,-0.09176940155912394
-183.30169820163016,251.15555516563626,-64.06707968022069,-3.8783748812136287,-0.09169141965540017
-181.5719988221622,249.30773095060988,-64.28366267749345,-3.5435578476961584,-0.09159759742821683
-179.85502534237014,247.4626255231125,-64.48154823605074,-3.2174162142466405,-0.09148839674191755
-178.150759038061,245.62052545819387,-64.66122082276507,-2.8997712554759603,-0.09136426955501564
-176.45917921140955,243.78170871795055,-64.82315492381306,-2.590447577837399,-0.09122565810817784
-174.78026325027542,241.9464448379959,-64.96781523073791,-2.2892730608984286,-0.09107299510946065
-173.1139866862362,240.11499511037107,-65.09565682323246,-1.9960787996144445,-0.09090670391586775
-171.46032325136028,238.28761276295293,-65.20712534869843,-1.7106990475795114,-0.09072719871202373
-169.81924493374487,236.46454313543,-65.3026571986367,-1.4329711612466642,-0.09053488468528448
-168.19072203184135,234.6460238518965,-65.38267968192255,-1.1627355450898809,-0.09033015819822232
-166.57472320759243,232.83228499014132,-65.44761119501868,-0.8998355977096142,-0.09011340695727954
-164.97121553840327,231.02354924767,-65.49786138917827,-0.6441176588427848,-0.0898850101794042
-163.38016456796922,229.2200321045468,-65.53383133468927,-0.3954309572942495,-0.08964533875433434
-161.8015343559821,227.4219419830729,-65.55591368221067,-0.1536275597282357,-0.08939475540594544
-160.23528752673678,225.62948040441177,-65.56449282124925,0.08143767963373219,-0.08913361484810897
-158.681385316659,223.8428421421582,-65.5599450358272,0.3099071684886215,-0.08886226394053184
-157.1397876207757,222.06221537295696,-65.5426386573869,0.5319206250587223,-0.08858104183938992
-155.6104530381479,220.2877818241884,-65.51293421498129,0.7476151258833078,-0.08829028014693052
-154.09333891628668,218.51971691879257,-65.47118458279525,0.9571251527880116,-0.08799030305750144
-152.58840139457158,216.7581899172756,-65.41773512504423,1.1605826390549776,-0.08768142750134933
-151.09559544669096,215.0033640569603,-65.35292383829452,1.3581170147934374,-0.08736396328524343
-149.61487492212365,213.25539668850718,-65.27708149124963,1.5498552515518242,-0.08703821323174865
-148.14619258668,211.51443940979001,-65.1905317620458,1.7359219061440994,-0.086704473314279
-146.68950016212125,209.7806381971329,-65.09359137309956,1.91643916374958,-0.08636303279168112
-145.24474836487482,208.054133534,-64.98657022354892,2.0915268802500817,-0.08601417433832359
-143.81188694386353,206.33506053714487,-64.86977151932996,2.261302623860391,-0.08565817417367771
-142.39086471746597,204.62354908029386,-64.74349190092876,2.425881716032769,-0.08529530218822545
-140.98162960962495,202.91972391538638,-64.60802156884905,2.5853772716716166,-0.08492582206810839
-139.58412868512107,201.22370479144894,-64.46364440683413,2.7399002386343034,-0.08454999141599862
-138.19830818402772,199.53560657109878,-64.3106381028829,2.8895594365814374,-0.0841680618719658
-136.8241135553635,197.85553934475814,-64.1492742680963,3.034461595146696,-0.08378027923040898
-135.46148948995818,196.18360854261766,-63.97981855339234,3.174711391440381,-0.08338688355497847
-134.11037995254756,194.51991504436728,-63.80253076412659,3.3104114869230696,-0.08298810929248113
-132.77072821311253,192.8645552867548,-63.61766497265373,3.4416625636384888,-0.08258418538379741
-131.4424768774777,191.2176213690079,-63.425469628865535,3.568563359820829,-0.08217533537296529
-130.1255679171834,189.57920115615335,-63.22618766874054,3.691210704892484,-0.08176177751450764
-128.8199426986467,187.94937838028702,-63.0200566209392,3.809699553846134,-0.08134372487810282
-127.52554201162476,186.32823273980176,-62.80730871147911,3.924123021054863,-0.0809213854527644
-126.24230609699468,184.71583999665035,-62.58817096652207,4.0345724134761705,-0.08049496224724839
-124.97017467386371,183.112272071645,-62.36286531330701,4.141137263297971,-0.08006465339023716
-123.70908696602297,181.51759713784995,-62.13160867925972,4.2439053600137955,-0.0796306522277419
-122.4589817277582,179.93187971209687,-61.89461308931145,4.342962781942115,-0.07919314741894379
-121.21979726902994,178.35518074464994,-61.652085761457364,4.438393927208197,-0.07875232303066149
-119.99147148003648,176.7875577070739,-61.40422920058483,4.530281544176053,-0.07830835862916441
-118.77394185517143,175.22906467831496,-61.15124129060225,4.618706761364908,-0.07786142937136997
-117.5671455163887,173.67975242904015,-60.89331538489727,4.703749116846078,-0.07741170609381598
-116.37101923598632,172.13966850427127,-60.6306403951534,4.785486587123333,-0.07695935539974919
-115.18549945882155,170.60885730433515,-60.36340087855373,4.863995615517514,-0.0765045397451205
-114.01052232396809,169.08736016416802,-60.09177712339967,4.939351140055185,-0.07604741752262623
-112.84602368582746,167.5752154309978,-59.81594523317222,5.011626620878239,-0.07558814314455997
-111.69193913470514,166.07245854044356,-59.53607720906255,5.080894067171466,-0.07512686712365735
-110.54820401686281,164.57912209105777,-59.25234103099894,5.1472240636211914,-0.07466373615265542
-109.41475345405702,163.0952359173306,-58.964900737196096,5.210685796422675,-0.0741988931827926
-108.29152236257531,161.62082716120713,-58.67391650225212,5.27134707882028,-0.0737324774998438
-107.17844547177955,160.1559203421175,-58.37954471381925,5.329274376218142,-0.07326462480001528
-106.07545734216723,158.70053742557465,-58.08193804787231,5.384532830839038,-0.07279546726316521
-104.98249238296013,157.25469789034153,-57.78124554260015,5.437186285966942,-0.07232513362585014
-103.89948486923038,155.81841879421916,-57.47761267094318,5.4872973097522655,-0.07185374925181076
-102.82636895857374,154.39171483846104,-57.171181411801705,5.534927218610462,-0.07138143620213722
-101.76307870733895,152.9745984308429,-56.86209031993743,5.580136100216597,-0.07090831330393943
-100.7095480864228,151.5670797474312,-56.55047459459096,5.622982836083002,-0.07043449621689213
-99.6657109966399,150.1691667930527,-56.236466146838445,5.6635251237512,-0.06996009749956222
-98.63150128367592,148.78086546049104,-55.920193665708965,5.701819498603302,-0.0694852266744368
-97.60685275263306,147.40217958845915,-55.60178268308383,5.737921355271335,-0.06900999029053612
-96.59169918217653,146.03311101833776,-55.2813556374004,5.771884968687879,-0.06853449198640948
-95.58597433828996,144.67365964971728,-54.95903193618024,5.803763514768591,-0.06805883255128631
-94.58961198764858,143.3238234947814,-54.63492801740238,5.833609090715313,-0.0675831099843256
-93.60254591061754,141.98359873152268,-54.309157409742745,5.861472734981186,-0.06710741955424115
-92.62470991388402,140.6529797558414,-53.98183079169864,5.887404446871094,-0.06663185385641945
-91.65603784273054,139.33195923252316,-53.653056049618684,5.9114532058122675,-0.0661565028701796
-90.69646359295686,138.0205281451409,-53.3229383346566,5.933666990273599,-0.06568145401379599
-89.74592112245864,136.71867584489138,-52.99158011866851,5.954092796350882,-0.06520679219895875
-88.80434446246943,135.4263900983718,-52.659081249072294,5.972776656039735,-0.06473259988488689
-87.87166772847381,134.1436571343432,-52.325539002686575,5.989763655172813,-0.0642589571301917
-86.94782513079835,132.8704616894858,-51.99104813856802,6.005097951041887,-0.06378594164438578
-86.03275098488761,131.60678705316047,-51.655700949864524,6.018822789716228,-0.06331362883867353
-85.12637972127173,130.35261511120223,-51.31958731470131,6.030980523054563,-0.06284209187543599
-84.2286458952324,129.10792638877533,-50.98279474611697,6.041612625403639,-0.062371401716251995
-83.33948419617387,127.87270009227822,-50.64540844106709,6.050759710021792,-0.061901627170412254
-82.45882945670519,126.64691415034928,-50.30751132851056,6.058461545195628,-0.061432834940946535
-81.58661666144,125.43054525396798,-49.96918411659604,6.064757070080255,-0.060965089670843575
-80.72278095552049,124.22356889568117,-49.630505338963744,6.069684410254331,-0.06049845398781173
-79.86725765287068,123.02595940795918,-49.291551400178605,6.073280893007796,-0.060032988548735844
-79.01998224418595,121.83769000071955,-48.9523966203097,6.075583062344097,-0.05956875208230805
-78.18089040466415,120.65873279800914,-48.613113278671925,6.076626693729197,-0.0591058014320085
-77.3499180014837,119.48905887387222,-48.27377165674399,6.076446808579611,-0.05864419159774226
-76.52700110103508,118.32863828743744,-47.93444008027737,6.075077688474735,-0.058183975775854435
-75.7120759759106,117.1774401171984,-47.595184960611604,6.072552889142785,-0.05772520540027415
-74.9050791116577,116.03543249454292,-47.25607083520854,6.068905254180788,-0.05726793018101173
-74.10594721330195,114.90258263653226,-46.917160407420376,6.064166928527833,-0.056812198142533354
-73.31461721164379,113.77885687792701,-46.578514585505395,6.058369371715424,-0.056358055662229845
-72.53102626933502,112.66422070250397,-46.24019252090366,6.051543370866269,-0.05590554750675203
-71.75511178673936,111.55863877366048,-45.90225164578685,6.043719053464583,-0.05545471686844028
-70.98681140758259,110.46207496431822,-45.56474770989493,6.0349258999043265,-0.05500560540115096
-70.22606302439624,109.37449238614862,-45.227734816672154,6.0251927558096465,-0.054558253254977984
-69.47280478376055,108.2958534181367,-44.891265458714905,6.01454784412755,-0.054112699110129725
-68.7269750913503,107.2261197344738,-44.5553905525444,6.003018777021582,-0.0536689802112047
-67.9885126167888,106.16525233182364,-44.2201594727151,5.990632567535309,-0.05322713239931964
-67.25735629831391,105.11321155594574,-43.8856200852718,5.977415641061125,-0.05278719014495259
-66.53344534726087,104.06995712771594,-43.5518187805663,5.963393846587394,-0.052349186578847906
-65.8167192523658,103.03544816852384,-43.218800505445934,5.948592467763415,-0.05191315352383441
-65.10711778389434,102.00964322509223,-42.88660879482428,5.9330362337492115,-0.05147912152447631
-64.40458099759938,100.99250029370778,-42.55528580264584,5.916749329878046,-0.05104711987717003
-63.70904923851191,99.98397684388019,-42.224872332255465,5.8997554081290655,-0.05061717665939902
-63.02046314456885,98.9840298414471,-41.895407866182765,5.882077597406651,-0.05018931875812349
-62.33876365008194,97.9926157711302,-41.56693059535259,5.863738513635922,-0.049763571897868175
-61.663891989051066,97.00969065855043,-41.23947744773173,5.844760269680984,-0.04933996066839885
-60.99578969832603,96.03521009172279,-40.913084116421736,5.825164485078161,-0.04891850855138635
-60.3343986206205,95.0691292420355,-40.58778508720815,5.804972295593848,-0.048499237946814766
-59.67966090738113,94.11140288471431,-40.26361366557608,5.7842043626201365,-0.048082170199294616
-59.031519021516026,93.1619854188057,-39.940602003201015,5.762880882385502,-0.04766732562276221
-58.38991573998542,92.22083088666403,-39.618781123925295,5.741021595010849,-0.047254723525839815
-57.75479415625819,91.28789299297063,-39.298180949228914,5.718645793393538,-0.04684438223583243
-57.126097682637514,90.36312512327952,-38.978830323204086,5.695772331938775,-0.046436319122943104
-56.50377005245851,89.44648036211396,-38.66075703704238,5.672419635124797,-0.04603055062330874
-55.88775532216156,88.53791151061091,-38.34398785304338,5.648605705917979,-0.045627092262137126
-55.27799787324392,87.63737110372952,-38.02854852815352,5.624348134032789,-0.04522595867604995
-54.67444241409288,86.74481142702913,-37.71446383704363,5.5996641040429775,-0.04482716363513095
-54.07703398170347,85.86018453302822,-37.40175759473348,5.574570403343569,-0.04443072006439941
-53.485717943283205,84.98344225714614,-37.09045267877176,5.549083429973749,-0.044036640065168164
-52.900439997747426,84.11453623325482,-36.78057105097917,5.5232192002823,-0.043644934935080926
-52.32114617710727,83.25341790881187,-36.4721337787634,5.496993356478855,-0.043255615189471186
-51.74778284775351,82.400038559633,-36.165161056012536,5.470421174018179,-0.04286869057994913
-51.18029671163863,81.55434930426351,-35.859672223575956,5.443517568873346,-0.04248417011486616
-50.61863480735996,80.7163011179914,-35.555685789339186,5.4162971046615205,-0.04210206207773215
-50.06274451114627,79.88584484648923,-35.25321944790075,5.388773999647591,-0.04172237404621981
-49.51257353775045,79.06293121910454,-34.952290099857926,5.3609621336139925,-0.04134511291019205
-48.9680699412506,78.24751086179617,-34.65291387070892,5.332875054610397,-0.040970284889840336
-48.42918211576209,77.43953430973423,-34.35510612937802,5.304525985573641,-0.040597895552950014
-47.89585879606285,76.63895201956144,-34.058881506371144,5.275927830830358,-0.04022794983224198
-47.36804905813414,75.84571438132645,-33.76425391156821,5.2470931824805875,-0.03986045204219568
-46.84570231961916,75.05977173010011,-33.47123655165906,5.218034326659692,-0.03949540589531875
-46.32876834020176,74.28107435727436,-33.17984194722966,5.1887632496886305,-0.03913281451841666
-45.817197221907136,73.50957252155203,-32.89008194950486,5.1592916441123595,-0.038772680468429854
-45.3109394093271,72.74521645964147,-32.601967756753965,5.129630914620514,-0.03841500574760737
-44.80994568977139,71.98795639664664,-32.31550993036562,5.099792183869254,-0.03805979181907926
-44.31416719334783,71.23774255618031,-32.03071841059767,5.069786298182922,-0.03770703962111899
-43.823555392972324,70.49452517018113,-31.74760253200852,5.0396238331649466,-0.03735674958226998
-43.338062104311696,69.75825448847077,-31.466171038575215,5.009315099186998,-0.037008921634764214
-42.85763948566046,69.02888078802445,-31.18643209850499,4.978870146793411,-0.03666355522914433
-42.38224003775389,68.30635438198276,-30.908393318744995,4.948298771999091,-0.0363206493475845
-41.91181660351881,67.59062562840731,-30.63206175919617,4.917610521485298,-0.03598020251703549
-41.446322367764374,66.88164493878034,-30.357443946636977,4.886814697701674,-0.03564221282236968
-40.98571085681407,66.17936278625132,-30.0845458883622,4.855920363878257,-0.03530667791933606
-40.52993593808104,65.48372971364788,-29.813373085541873,4.824936348936417,-0.034973595046698946
-40.078951819588234,64.79469634124517,-29.543930546305955,4.793871252312321,-0.03464296103861919
-39.63271304943497,64.11221337430052,-29.276222798559637,4.762733448692712,-0.034314772336697
-39.191174515211785,63.43623161036665,-29.010253902534203,4.731531092655559,-0.03398902500136991
-38.754291443364636,62.76670194637298,-28.74602746307872,4.700272123234008,-0.03366571472378066
-38.32201939851062,62.103575385502026,-28.48354664169687,4.668964268380985,-0.033344836836363356
-37.89431428270619,61.446803043837875,-28.222814168334466,4.637615049366145,-0.03302638632447685
-37.47113233466956,60.796336156816494,-27.96383235292143,4.606231785079404,-0.03271035783663656
-37.05243012895877,60.152126085469895,-27.7066030966734,4.574821596256102,-0.032396745695092655
-36.63816457510671,59.514124322468845,-27.451127903157474,4.543391409625047,-0.03208554390617202
-36.228292916714516,58.88228249797079,-27.197407889126225,4.511947961978348,-0.03177674617028803
-35.822772730504724,58.2565523852801,-26.945443795124497,4.480497804161378,-0.03147034589160125
-35.42156192533535,57.63688590631884,-26.695235995873357,4.449047304990735,-0.031166336187740562
-35.02461874117652,57.02323513691623,-26.446784510435283,4.417602655097255,-0.030864709899130816
-34.63190174805034,56.4155523119164,-26.200089012164696,4.386169870700216,-0.0305654595983178
-34.243369844935934,55.81378983012275,-25.955148838447784,4.35475479729832,-0.030268577598419277
-33.85898225864005,55.21790025905564,-25.711963000236153,4.323363113308498,-0.029974055962647128
-33.47869854263533,54.62783633956084,-25.470530191377335,4.292000333616985,-0.02968188651206294
-33.10247857586653,54.04355099023616,-25.23084879774691,4.260671813083732,-0.029392060834841693
-32.73028256152628,53.464997311718584,-24.992916906185016,4.229382749959034,-0.029104570293540633
-32.36207102580156,52.89212859080341,-24.75673231324199,4.198138189248611,-0.02881940603367905
-31.997804816591426,52.324898304412024,-24.522292533736135,4.166943026014121,-0.02853655899153207
-31.63744510219776,51.76326012341879,-24.28959480912716,4.135802008602504,-0.028256019901415463
-31.28095336998954,51.207167916322746,-24.058636115709266,4.10471974182469,-0.027977779303625994
-30.92829142504167,50.656575752785386,-23.829413172626744,4.073700690065116,-0.027701827551370073
-30.579421388749715,50.111437907029554,-23.601922449715918,4.0427491803321915,-0.02742815481791272
-30.23430569742099,49.57170886109566,-23.376160175176743,4.011869405258396,-0.027156751103887267
-29.89290710084342,49.0373433079748,-23.15212234307684,3.9810654260331297,-0.026887606243678697
-29.555188660832695,48.50829615460724,-22.929804720691806,3.950341175285281,-0.026620709912329232
-29.221113749758803,47.98452252475591,-22.709202855684467,3.919700459909322,-0.026356051631982513
-28.89064604905275,47.465977761760804,-22.490312083126405,3.8891469638327174,-0.02609362077803823
-28.563749547694396,46.95261743116695,-22.27312753236487,3.8586842507367667,-0.02583340658563449
-28.24038854068212,46.44439732323817,-22.05764413373779,3.8283157667216883,-0.0255753981555511
-27.920527627485157,45.94127345535763,-21.843856625139924,3.7980448429187366,-0.02531958446004845
-27.60413171047947,45.44320207431484,-21.631759558443182,3.7678746980537117,-0.025065954348713504
-27.29116599336784,44.95013965848318,-21.421347305773743,3.737808440961222,-0.02481449655410195
-26.981595979584945,44.46204291989202,-21.212614065648815,3.7078490730490645,-0.02456519969718096
-26.675387470688158,43.97886880619513,-21.00555386897573,3.6779994907144222,-0.024318052292674697
-26.37250656473483,43.50057450253692,-20.80016058491615,3.648262487714027,-0.024073042754336083
-26.07291965464672,43.027117433320065,-20.596427926617867,3.618640757487758,-0.023830159400032525
-25.776593426562183,42.5584552638758,-20.39434945681691,3.589136895437865,-0.02358939045676589
-25.48349485817698,42.09454590204226,-20.1939185933123,3.559753401161329,-0.023350724065429596
-25.193591217074037,41.63534749964804,-19.9951286143162,3.5304926806417987,-0.02311414828568692
-24.906850059043187,41.1808184539104,-19.79797266368161,3.5013570483940306,-0.022879651100397247
-24.623239226391135,40.730917408741014,-19.602443756010352,3.472348729571912,-0.022647220420367375
-24.34272684624251,40.285603255970585,-19.40853478164332,3.443469862030758,-0.02241684408856104
-24.06528132883244,39.84483513648835,-19.216238511535543,3.4147224983513365,-0.02218850988448473
-23.790871365791272,39.40857244130225,-19.025547602018236,3.386108607822437,-0.02196220552829864
-23.519465928422058,38.97677481252161,-18.836454599450153,3.3576300783827415,-0.02173791868482322
-23.25103426597121,38.54940214425567,-18.648951944760466,3.3292887185324203,-0.021515636967857965
-22.985545903892966,38.12641458344725,-18.46303197788492,3.3010862591960426,-0.021295347943582676
-22.72297064210813,37.70777253062786,-18.278686942097945,3.273024355554692,-0.0210770391345938
-22.463278553257744,37.29343664060283,-18.09590898824244,3.245104588840518,-0.020860698023526858
-22.20643998095169,36.8833678230631,-17.914690178859377,3.2173284681003453,-0.020646312056837424
-21.952425538013472,36.477527243143676,-17.735022492218896,3.189697431908735,-0.020433868647624642
-21.701206104720885,36.07587632189673,-17.556897826255742,3.162212850068464,-0.02022335517995666
-21.45275282704364,35.678376736716636,-17.380308002409734,3.1348760252598704,-0.02001475901143479
-21.207037114877842,35.284990421693266,-17.205244769374126,3.1076881946677224,-0.019808067476866587
-20.9640306402781,34.89567956791366,-17.03169980675315,3.080650531565747,-0.01960326789097966
-20.723705335687782,34.510406623697044,-16.859664728631024,3.0537641468779295,-0.019400347551842057
-20.486033392167222,34.12913429477246,-16.68913108705381,3.027030090708561,-0.019199293743833223
-20.250987257621166,33.75182554441198,-16.520090375425802,3.000449353829275,-0.01900009374000744
-20.018539635024943,33.37844359349238,-16.352534031822902,2.9740228691549038,-0.01880273480571404
-19.78866348065045,33.00895192052058,-16.18645344222353,2.9477515131717924,-0.01860720420056383
-19.561332002291703,32.64331426159674,-16.021839943659845,2.9216361073492507,-0.018413489181607012
-19.33651865749101,32.28149461033535,-15.858684827290059,2.895677419514018,-0.018221577005554934
-19.11419715176534,31.92345721772922,-15.696979341394075,2.869876165206296,-0.018031454931699553
-18.894341436833777,31.56916659197627,-15.536714694293336,2.8442330089976617,-0.01784311022389895
-18.676925708846174,31.218587498255733,-15.377882057197123,2.8187485657874585,-0.017656530153181027
-18.461924406613413,30.871684958458786,-15.22047256697643,2.79342340207409,-0.01747170200010517
-18.24931220983935,30.528424250876913,-15.064477328866854,2.768258037199562,-0.017288613056966273
-18.03906403735495,30.18877090985365,-14.90988741910199,2.7432529445629443,-0.017107250629727844
-17.83115504535499,29.852690725391152,-14.756693887479052,2.718408552813907,-0.016927602040348155
-17.625560625637277,29.52014974271416,-14.604887759857853,2.693725247025361,-0.016749654628982924
-17.422256403844933,29.191114261803598,-14.45446004059428,2.6692033698335202,-0.016573395755608455
-17.221218237711895,28.865550836890115,-14.30540171491014,2.6448432225577445,-0.01639881280209421
-17.022422215312,28.54342627590956,-14.157703751200431,2.620645066299627,-0.016225893174175
-16.82584465331154,28.224707639924123,-14.011357103279261,2.5966091230189354,-0.016054624303246
-16.631462095226194,27.909362242517904,-13.866352712565673,2.572735576578377,-0.015884993647740764
-16.439251309681772,27.597357649143813,-13.722681510211125,2.5490245737841017,-0.01571698869558613
-16.249189288679684,27.28866167645751,-13.580334419168867,2.5254762253843723,-0.015550596964982066
-16.061253245866904,26.983242391606492,-13.439302356207559,2.5020906070628284,-0.01538580600666739
-15.875420614810784,26.68106811149653,-13.299576233869395,2.478867760403521,-0.015222603405143253
-15.691669047279007,26.382107402030403,-13.161146962374362,2.4558076938347138,-0.01506097678012841
-15.509976411524814,26.086329077313785,-13.024005451471778,2.4329103835585153,-0.014900913788251646
-15.330320790577574,25.793702198837817,-12.888142612239932,2.4101757744572594,-0.01474240212429212
-15.152680480539074,25.504196074638088,-12.753549358835084,2.3876037809783104,-0.014585429522429028
-14.977033988885584,25.217780258424245,-12.620216610191076,2.3651942880049934,-0.014429983757759057
-14.803360032775846,24.93442454868852,-12.488135291670297,2.3429471517058458,-0.014276052647420823
-14.631637537365343,24.654098987791805,-12.357296336667224,2.320862200364934,-0.014123624051777917
-14.461845634126703,24.376773861022464,-12.227690688165595,2.298939235199859,-0.013972685875827562
-14.293963659176807,24.10241969564124,-12.099309300249903,2.2771780311539125,-0.013823226069975103
-14.127971151610181,23.831007259896293,-11.972143139572651,2.255578337681168,-0.0136752326315559
-13.96384785183941,23.562507562029328,-11.846183186777768,2.2341398795026866,-0.013528693605371345
-13.80157369994228,23.29689184925269,-11.72142043788179,2.2128623573570154,-0.01338359708516279
-13.641128834016031,23.034131606712826,-11.597845905613132,2.1917454487292556,-0.013239931214362066
-13.48249358853864,22.774198556434865,-11.475450620710658,2.170788808565494,-0.013097684187082237
-13.325648492737495,22.517064656251957,-11.35422563318233,2.149992069969801,-0.012956844248939614
-13.170574268965392,22.262702098715106,-11.234162013524953,2.129354844889366,-0.01281739969806539
-13.01725183108407,22.011083309988766,-11.115250853905662,2.108876724783145,-0.012679338885873026
-12.865662282855299,21.76218094873216,-10.997483269306054,2.088557281275009,-0.012542650217821638
-12.71578691633963,21.515967904966143,-10.880850398629851,2.068396066792587,-0.012407322154185163
-12.567607210303143,21.27241729892708,-10.765343405774903,2.0483926151911866,-0.012273343210751353
-12.421104828631867,21.031502479902134,-10.65095348067032,2.0285464423698216,-0.0121407019597779
-12.276261618754349,20.79319702506121,-10.537671840279232,2.0088570468635596,-0.012009387030232244
-12.133059610072173,20.55747473826892,-10.425489729568445,1.9893239104314089,-0.011879387108810757
-11.991481012398843,20.324309648890644,-10.31439842244529,1.9699464986250663,-0.01175069094029113
-11.851508214406708,20.093676010581227,-10.204389222662698,1.950724261352059,-0.011623287328422993
-11.71312378208223,19.865548300071108,-10.095453464692818,1.931656633417824,-0.011497165136120424
-11.576310457189775,19.63990121594002,-9.987582514570391,1.912743035058433,-0.011372313286116098
-11.441051155743624,19.416709677376097,-9.880767770706347,1.8939828724670742,-0.011248720761712239
-11.30732896648877,19.195948822935954,-9.775000664672016,1.875375538298003,-0.011126376606799715
-11.175127149390056,18.977594009285454,-9.670272661955186,1.8569204121710707,-0.01100526992682882
-11.044429134130127,18.7616208099437,-9.566575262688009,1.8386168611527451,-0.010885389888717345
-10.915218518615871,18.54800501401037,-9.463900002348009,1.8204642402362197,-0.010766725721689685
-10.787479067493837,18.336722624894065,-9.362238452432317,1.8024618928020049,-0.010649266717289052
-10.661194710674282,18.127749859026643,-9.261582221106154,1.7846091510760276,-0.010533002230084243
-10.536349541863947,17.9210631445767,-9.161922953825753,1.7669053365716614,-0.010417921677765785
-10.412927817107976,17.716639120159947,-9.063252333936578,1.7493497605186974,-0.010304014541339557
-10.290913953340603,17.514454633533955,-8.965562083247612,1.7319417242937545,-0.010191270365909944
-10.170292526944674,17.314486740297557,-8.868843962581584,1.714680519830377,-0.010079678760505084
-10.051048272320292,17.116712702586003,-8.773089772302306,1.6975654300193925,-0.009969229398324675
-9.933166080462462,16.92110998775706,-8.678291352819661,1.6805957291052096,-0.00985991201720271
-9.81663099754771,16.727656267072796,-8.584440585072443,1.6637706830736134,-0.009751716419853507
-9.701428223529735,16.536329414384923,-8.49152939098955,1.6470895500229332,-0.00964463247374403
-9.587543110744269,16.347107504813767,-8.399549733930456,1.6305515805300226,-0.009538650111428737
-9.474961162522884,16.159968813419788,-8.308493619105233,1.6141560180128411,-0.00943375933093571
-9.363668031816053,15.974891813881749,-8.21835309397433,1.5979020990746682,-0.009329950195488879
-9.253649519825288,15.791855177165841,-8.129120248629128,1.5817890538477128,-0.009227212833964549
-9.144891574644364,15.610837770196085,-8.04078721615332,1.5658161063252956,-0.009125537440862308
-9.03738028990977,15.431818654525433,-7.953346172965716,1.5499824746837598,-0.009024914276302365
-8.931101903460402,15.254777085001743,-7.866789339145096,1.5342873716009706,-0.008925333666293334
-8.826042796006252,15.079692508433231,-7.781108978737254,1.51873000456684,-0.008826786002783527
-8.72218948980642,14.906544562259294,-7.696297400044724,1.5033095761798814,-0.00872926174343469
-8.619528647356226,14.735313073214432,-7.612346955899929,1.4880252844436963,-0.00863275141196862
-8.518047070083544,14.565978055995657,-7.529250043921776,1.4728763230524675,-0.008537245598027043
-8.41773169705432,14.398519711929849,-7.446999106756314,1.4578618816697377,-0.008442734957194498
-8.318569603687287,14.232918427640497,-7.36558663230182,1.4429811462015423,-0.008349210211047398
-8.220548000477802,14.069154773716676,-7.285005153918627,1.4282332990611666,-0.008256662147067884
-8.123654231730843,13.907209503383616,-7.20524725062418,1.4136175194266354,-0.008165081618586534
-8.027875774303267,13.747063551173854,-7.126305547273699,1.3991329834924449,-0.008074459544771706
-7.933200236355128,13.588698031597897,-7.0481727147267925,1.38477886471706,-0.00798478691066662
-7.839615356110176,13.43209423782002,-6.970841470000249,1.3705543340604176,-0.007896054766963534
-7.7471090006254695,13.277233640334702,-6.894304576407562,1.3564585602167114,-0.007808254229986433
-7.655669164570108,13.124097885644861,-6.818554843685461,1.3424907098415284,-0.007721376481618192
-7.56528396901309,12.972668794942924,-6.743585128107748,1.3286499477725764,-0.007635412769179339
-7.475941660220212,12.822928362794014,-6.6693883325868235,1.3149354372450672,-0.007550354405337245
-7.387630608460035,12.674858755822612,-6.595957406763169,1.301346340100658,-0.00746619276795335
-7.300339306818989,12.528442311402552,-6.523285347083173,1.2878818169903767,-0.007382919299934176
-7.214056370025332,12.383661536347093,-6.451365196865617,1.274541027575407,-0.007300525509233768
-7.128770533282287,12.240499105607787,-6.380190046356953,1.2613231307165331,-0.007219002968449573
-7.0444706511101165,12.098937860971335,-6.309753032776002,1.2482272846642974,-0.007138343314919471
-6.961145696197046,11.958960809761573,-6.24004734034803,1.2352526472423888,-0.0070585382504866345
-6.8787847582592825,11.820551123549746,-6.171066200328588,1.2223983760210606,-0.006979579541114722
-6.797377042909767,11.683692136861078,-6.102802891017663,1.209663628493987,-0.006901459017063516
-6.716911870536019,11.548367345892554,-6.035250737763952,1.197047562242463,-0.006824168572365341
-6.637378675186701,11.414560407227988,-5.968403112959974,1.1845493351024827,-0.006747700164953185
-6.558767003466921,11.282255136562823,-5.902253436027845,1.1721681053212778,-0.006672045816204619
-6.4810665134425385,11.151435507434831,-5.836795173396309,1.159903031707802,-0.006597197610666017
-6.4042669735531526,11.022085649951293,-5.772021838469377,1.1477532737876552,-0.006523147696214426
-6.328358261533656,10.894189849526324,-5.707926991586298,1.135717991947736,-0.006449888283581062
-6.253330363344792,10.76773254562793,-5.6445042399734655,1.1237963475713173,-0.006377411645893893
-6.179173372112152,10.64269833051783,-5.581747237688781,1.111987503182278,-0.00630571011901071
-6.10587748707381,10.519071948006053,-5.519649685557945,1.1002906225746714,-0.006234776100825679
-6.0334330125367135,10.396838292210493,-5.458205331103541,1.0887048709385163,-0.006164602051031087
-5.961830356841518,10.275982406313624,-5.397407968467068,1.0772294149905737,-0.0060951804912448004
-5.891060031335885,10.156489481332391,-5.337251438323688,1.0658634230927715,-0.006026504004388533
-5.821112649356419,10.038344854893884,-5.277729627790351,1.0546060653665388,-0.005958565234410296
-5.751978925219034,9.921534010009509,-5.218836470327538,1.0434565138112013,-0.00589135688634701
-5.683649673217547,9.806042573858893,-5.160565945634394,1.032413942414325,-0.005824871725861991
-5.616115806630946,9.69185631658475,-5.102912079537694,1.0214775272528194,-0.005759102578723807
-5.5493683367387066,9.57896115008194,-5.04586894387517,1.0106464466033325,-0.005694042331069182
-5.483398371844552,9.46734312680339,-4.989430656372664,0.999919881037245,-0.005629683928604301
-5.418197116308543,9.356988438566361,-4.933591380515991,0.9892970135185617,-0.005566020376580494
-5.353755869587149,9.247883415362354,-4.878345325417314,0.9787770295011443,-0.005503044739611385
-5.290066025281698,9.140014524181984,-4.823686745676109,0.9683591170131418,-0.005440750140964901
-5.2271190701949255,9.033368367837042,-4.769609941235407,0.958042466748106,-0.0053791297626810675
-5.164906583395448,8.92793168379064,-4.716109257232943,0.9478262721510958,-0.00531817684518443
-5.103420235290583,8.823691343000524,-4.6631790838475045,0.9377097294942658,-0.005257884686655445
-5.042651786706845,8.720634348756402,-4.61081385614106,0.9276920379630571,-0.005198246643297821
-4.982593087978614,8.618747835536109,-4.5590080538960605,0.9177723997259345,-0.005139256128445346
-4.9232360780447415,8.518019067860003,-4.507756201448865,0.9079500200103505,-0.005080906612631497
-4.864572783552774,8.41843543915225,-4.457052867518912,0.8982241071755487,-0.005023191623253487
-4.806595317971367,8.319984470616474,-4.406892665033827,0.8885938727741594,-0.004966104743887478
-4.749295880710206,8.222653810105248,-4.357270250951095,0.8790585316251234,-0.0049096396145613674
-4.692666756247717,8.126431231006947,-4.308180326075655,0.8696173018723422,-0.004853789930929997
-4.636700313266628,8.031304631136383,-4.259617634874221,0.8602694050439628,-0.004798549444082201
-4.581389003796956,7.937262031625925,-4.211576965286297,0.8510140661160398,-0.004743911960503722
-4.526725362366746,7.844291575833158,-4.16405314853163,0.8418505135630812,-0.004689871341288954
-4.472702005160362,7.752381528248285,-4.117041058914841,0.83277797941393,-0.004636421502136612
-4.4193116291841585,7.66152027340893,-4.070535613626944,0.8237956993047086,-0.004583556412988465
-4.366547011439746,7.571696314826668,-4.024531772543897,0.8149029125241484,-0.004531270097464679
-4.314401008104714,7.482898273914011,-3.9790245380226272,0.806098862063731,-0.004479556632826287
-4.262866553720538,7.395114888919074,-3.9340089546942556,0.7973827946647966,-0.004428410149599493
-4.2119366603880195,7.308335013873845,-3.8894801092546936,0.7887539608562071,-0.004377824830922861
-4.161604416969786,7.22254761753966,-3.8454331302531295,0.7802116150005934,-0.00432779491266122
-4.111862988300208,7.1377417823682,-3.8018631878779403,0.771755015329176,-0.004278314682662487
-4.062705614402484,7.053906703461798,-3.758765493740652,0.76338342398299,-0.004229378480772872
-4.014125609712735,6.9710316875438165,-3.7161353006576014,0.7550961070487652,-0.004180980698347936
-3.9661163623112725,6.889106151939305,-3.673967902429597,0.7468923345893255,-0.004133115777755103
-3.9186713331609435,6.808119623558134,-3.632258633619874,0.7387713806770705,-0.004085778212239433
-3.871784055352407,6.728061737884375,-3.5910028693301888,0.7307325234264691,-0.004038962545613534
-3.825448133356323,6.648922237976123,-3.550196024975092,0.7227750450210273,-0.003992663371751415
-3.77965724228255,6.5706909734718515,-3.509833556054699,0.7148982317390505,-0.003946875334264632
-3.734405127146215,6.493357899599696,-3.4699109579260217,0.7071013739821873,-0.0039015931263469694
-3.6896856021403326,6.416913076195333,-3.4304237655727037,0.6993837663005846,-0.003856811490353773
-3.645492549915505,6.341346666734082,-3.391367553373356,0.6917447074085525,-0.003812525217118834
-3.601819920866129,6.266648937356767,-3.3527379348690096,0.6841835002131449,-0.0037687291462265016
-3.5586617324233494,6.19281025591199,-3.3145305625289816,0.6766994518309231,-0.003725418165226424
-3.5160120683545997,6.1198210910025885,-3.2767411275157983,0.6692918736062861,-0.0036825872094179424
-3.473865078069728,6.047672011038695,-3.239365359449097,0.6619600811287906,-0.0036402312615233523
-3.432214975933537,5.9763536832978135,-3.202399026168561,0.6547033942489865,-0.003598345351339627
-3.3910560405850356,5.905856872993921,-3.165837933495969,0.6475211370906395,-0.003556924555298102
-3.350382614262814,5.836172442346565,-3.1296779249965634,0.6404126380692109,-0.0035159639964446043
-3.3101891021370853,5.767291349667481,-3.0939148817393862,0.6333772298974591,-0.0034754588436015643
-3.270469971647811,5.699204648443286,-3.0585447220572997,0.6264142496016398,-0.0034354043115314425
-3.231219751849282,5.631903486433841,-3.023563401306108,0.6195230385268848,-0.003395795660185108
-3.192433032760866,5.565379104771001,-2.988966911623373,0.6127029423485005,-0.0033566281946639798
-3.1541044647239205,5.499622837067261,-2.9547512816865984,0.6059533110787769,-0.0033178972647373017
-3.116228757764912,5.434626108531737,-2.9209125764710433,0.5992734990721629,-0.0032795982644806543
-3.078800680964575,5.370380435090416,-2.887446897007232,0.5926628650321218,-0.003241726632055464
-3.0418150618331916,5.30687742251541,-2.8543503801380945,0.5861207720145349,-0.0032042778492690216
-3.005266785691788,5.244108765558782,-2.821619198275908,0.5796465874324954,-0.0031672474413408924
-2.969150795059326,5.182066247096322,-2.789249559158974,0.573239683056613,-0.0031306309764178586
-2.933462089045809,5.120741737275364,-2.7572377056082815,0.5668994350173009,-0.0030944240653650867
-2.8981957227512583,5.0601271926694755,-2.725579915284034,0.5606252238059631,-0.0030586223614255115
-2.863346806670478,5.0002146554405416,-2.69427250044212,0.5544164342744858,-0.003023221559853684
-2.8289105061036053,4.940996252507818,-2.6633118076906044,0.5482724556335232,-0.0029882173975704918
-2.7948820405724524,4.882464194722878,-2.63269421774632,0.5421926814507547,-0.002953605652868063
-2.7612566832423386,4.8246107760499095,-2.602416145191554,0.5361765096496811,-0.0029193821451392044
-2.7280297603498367,4.767428372757902,-2.5724740382308044,0.5302233425018281,-0.0028855427343021933
-2.695196650635889,4.710909442610039,-2.542864378447968,0.5243325866284088,-0.0028520833209113583
-2.662752784784541,4.6550465240686885,-2.513583680563438,0.5185036529913233,-0.002818999845408676
-2.630693644867171,4.59983223550329,-2.484628492191704,0.5127359568873626,-0.0027862882879675643
-2.599014763792212,4.54525927440362,-2.4559953935992755,0.5070289179429347,-0.002753944668222763
-2.5677117247602013,4.491320416599849,-2.4276809974628994,0.5013819601077196,-0.002721965044932495
-2.5367801607242804,4.4380085154917195,-2.399681948628134,0.4957945116447072,-0.0026903455155322664
-2.506215753855981,4.385316501280468,-2.3719949238684754,0.490266005123608,-0.0026590822159876515
-2.476014235016252,4.333237380209171,-2.3446166316448536,0.4847958774113682,-0.0026281713203800128
-2.4461713832318557,4.281764233809969,-2.317543811865663,0.479383569661508,-0.0025976090405660512
-2.416683025176754,4.230890218153764,-2.290773235647378,0.47402852730705536,-0.0025673916260418594
-2.3875450346588196,4.180608563113012,-2.264301705075574,0.4687302000454781,-0.0025375153633123704
-2.358753332111584,4.130912571623805,-2.2381260529667846,0.46348804183066167,-0.002507976575903903
-2.330303884090971,4.081795618957431,-2.2122431426308036,0.4583015108608006,-0.002478771623902365
-2.3021927027771913,4.033251152000292,-2.1866498676336703,0.45317006956340283,-0.002449896903543136
-2.274415845481503,3.985272688534358,-2.161343151561489,0.4480931845859467,-0.002421348847166549
-2.2469694141580026,3.9378538165285586,-2.1363199477847674,0.44307032678078473,-0.0023931239226872014
-2.2198495549201973,3.890988193433349,-2.111577239223603,0.4381009711927868,-0.0023652186334266467
-2.1930524575624872,3.8446695454844617,-2.0871120381135557,0.43318459704311096,-0.0023376295176646966
-2.166574355086507,3.798891667009868,-2.0629213857724293,0.4283206877156275,-0.002310353148470279
-2.140411523232127,3.753648419741905,-2.03900235236781,0.4235087307438322,-0.0022833861334409233
-2.1145602800131913,3.7089337321397617,-2.015352036685334,0.41874821779254756,-0.0022567251141997202
-2.089016985258124,3.6647415987153957,-1.9919675658979814,0.4140386446419694,-0.0022303667662159077
-2.06377804015485,3.6210660793604275,-1.9688460953362565,0.4093795111767181,-0.002204307798740257
-2.0388398868006257,3.577901298690702,-1.9459848082589817,0.4047703213616132,-0.002178544953960748
-2.014199007756315,3.5352414453842558,-1.923380915625444,0.4002105832306984,-0.0021530750072920046
-1.9898519256051121,3.4930807715310803,-1.9010316558681548,0.39569980886935324,-0.0021278947668050274
-1.9657952025158734,3.4514135919909243,-1.8789342946666068,0.39123751439360116,-0.002103001072833399
-1.9420254398107732,3.41023428375109,-1.857086124722189,0.38682321993537383,-0.0020783907979546323
-1.9185392775375298,3.3695372852943652,-1.835484465533923,0.38245644962261593,-0.0020540608464982846
-1.895333394045823,3.329317095968147,-1.8141266631753101,0.3781367315639881,-0.0020300081544717408
-1.8724045055681187,3.2895682753652027,-1.7930100900720336,0.3738635978267143,-0.002006229688998218
-1.8497493658047686,3.250285442705788,-1.772132144780898,0.36963658441880154,-0.0019827224482352745
-1.8273647655133898,3.211463276225738,-1.7514902517697606,0.36545523127053353,-0.001959483461077105
-1.8052475321023937,3.173096512570085,-1.7310818611984968,0.36131908221572545,-0.001936509786878815
-1.7833945292286693,3.135179946194339,-1.7109044487010123,0.3572276849703509,-0.0019137985150799453
-1.7618026563995848,3.0977084287699386,-1.6909555151684492,0.35318059111234923,-0.0018913467649918636
-1.740468848578848,3.060676868590429,-1.671232586533519,0.3491773560663495,-0.0018691516857461954
-1.7193900757965186,3.0240802299923675,-1.6517332135556888,0.34521753907795005,-0.001847210455588555
-1.6985633427631726,2.98791353277562,-1.6324549716078045,0.3413007031943316,-0.0018255202818898697
-1.6779856884877562,2.952171851625857,-1.613395460463796,0.3374264152480698,-0.0018040784010255884
-1.657654185899762,2.916850315552742,-1.5945523040872867,0.3335942458293789,-0.0017828820776254473
-1.6375659414749661,2.8819441073201566,-1.5759231504217521,0.3298037692726242,-0.0017619286049278537
-1.6177180948652794,2.847448462894094,-1.557505671181434,0.3260545636290382,-0.001741215303937449
-1.5981078185324116,2.813358670886843,-1.5392975616437747,0.32234621064899155,-0.001720739523580983
-1.5787323173851449,2.7796700720084178,-1.5212965404428453,0.31867829576180456,-0.0017004986403517663
-1.5595888284206734,2.746378058529224,-1.503500349363897,0.3150504080487066,-0.0016804900577678805
-1.5406746203694672,2.713478073736636,-1.485906753139427,0.311462140227863,-0.0016607112066396312
-1.521986993343868,2.6809656114056515,-1.4685135392460775,0.3079130886293688,-0.0016411595443950322
-1.5035232784904595,2.6488362152724974,-1.451318517702931,0.3044028531723642,-0.0016218325549253731
-1.485280837646002,2.6170854785090802,-1.4343195208710868,0.30093103734653304,-0.0016027277485290425
-1.4672570629968489,2.5857090432064185,-1.4175144032542664,0.29749724818905543,-0.0015838426614755985
-1.4494493767421373,2.5547025998655184,-1.4009010413007088,0.2941010962586608,-0.001565174855641338
-1.431855230760375,2.5240618868845335,-1.3844773332065141,0.2907421956189656,-0.001546721918666838
-1.4144721062795935,2.4937826900577145,-1.3682411987199177,0.2874201638140911,-0.0015284814633899635
-1.397297513550897,2.4638608420770116,-1.3521905789469244,0.28413462184652666,-0.0015104511277056476
-1.3803289915254506,2.4342922220393945,-1.3363234361581824,0.2808851941538617,-0.0014926285742830614
