18.973005612305208,7823.192687565812,246.46605591604813,-8442.708213052425,361.32542710320956
72.85105552530403,245.03910294912532,-225.00643085659826,-149.68992308959344,-354.0764639582594
74.53863111580598,-970.4384108094018,-233.36567749913277,1173.567844253518,-56.80619547176232
67.85525628110678,-21.80287541372388,-167.82924819660036,130.0742381065662,44.302387060789215
67.70510065325747,156.09205059229123,-160.5654149623368,-68.90693259262235,8.297370777348746
68.7801010563794,34.9006531827386,-164.41343647930606,59.41560714667702,-5.675196309410438
69.0204606140782,6.998916313507706,-161.09544616770881,85.60425470804725,-1.3170750935110505
69.06866190190733,18.58792344819491,-156.3149835688563,68.68883019675948,0.5281854679243452
69.1966762698664,19.514441393949937,-152.479141707556,63.560935010699325,0.03043197800543851
69.3310715339788,15.350216177074708,-148.92966074305227,64.10190437761452,-0.2070890330403472
69.43678792706704,12.477286326164277,-145.34997002046484,63.32398353339158,-0.14646865438423617
69.52271855440904,10.337717196933053,-141.813721315022,61.83818884319948,-0.1119122338419345
69.59391404522293,8.123762450172725,-138.36044495680957,60.52684288950626,-0.11509672048043029
69.6498621084053,5.88598887428133,-134.98039907419871,59.33245468825569,-0.11592557190765973
69.69039870452671,3.724291981135162,-131.66705230770145,58.143834489257884,-0.11209340325640227
69.71604777099661,1.6330977253596162,-128.42008255044195,56.96532244449379,-0.10852713278168835
69.72729485697207,-0.40147025543662074,-125.23892532518225,55.810348225948744,-0.10561460959192459
69.72452994559575,-2.380375205202288,-122.12226619143942,54.678232454939014,-0.10275249769806294
69.70813638618344,-4.30325985243252,-119.06882864778392,53.566886026063976,-0.09987899610694484
69.6784999885671,-6.17130993541307,-116.07745285626591,52.47594119022394,-0.09706608796901861
69.63599839644125,-7.985881034692003,-113.14699951542434,51.40524654228913,-0.0943216128879385
69.58099991766541,-9.748117554989399,-110.27633777882838,50.35444972201062,-0.09163561138596066
69.51386497862444,-11.459114746339308,-107.46435647716486,49.323174405613855,-0.08900569414174697
69.43494646275516,-13.119969343583993,-104.70996545645136,48.311075175188485,-0.08643183926587028
69.34458970032054,-14.73176106213781,-102.01209385213693,47.317816723445496,-0.0839131620916973
69.24313258562186,-16.29554641153724,-99.36968952448701,46.34306657709444,-0.08144849050869851
69.1309057368168,-17.81236125046384,-96.78171890032239,45.386497396725254,-0.07903677330795489
69.00823263814108,-19.28322199487757,-94.24716668632402,44.44778780775402,-0.07667701724417242
68.87542977380991,-20.70912571940275,-91.76503553593476,43.52662202844876,-0.07436823530649406
68.73280676122096,-22.091050395434454,-89.33434573703356,42.6226896563757,-0.07210945307883065
68.58066648251766,-23.429955261031495,-86.95413491153532,41.73568560731873,-0.06989971487135449
68.41930521360509,-24.726781170140463,-84.62345771840162,40.86531003959297,-0.06773808273042903
68.24901275076058,-25.982450918908217,-82.3413855608781,40.011268261203284,-0.06562363534403204
68.07007253499728,-27.197869567810255,-80.10700629891653,39.17327064021597,-0.06355546782243948
67.88276177420893,-28.373924760327466,-77.91942396660197,38.35103251900311,-0.06153269151354124
67.68735156312026,-29.511487036005814,-75.77775849436888,37.54427412985473,-0.05955443371739477
67.48410700108104,-30.611410137868088,-73.6811454359298,36.75272051179401,-0.05761983739971299
67.27328730774322,-31.674531314543884,-71.6287356998493,35.976101428868354,-0.05572806092284566
67.05514593665718,-32.70167161721397,-69.61969528568093,35.214151289894616,-0.053878277781613804
66.82993068682303,-33.69363619144568,-67.65320502458589,34.46660906961905,-0.05206967634310189
66.597883812232,-34.651214563976744,-65.72846032435434,33.73321823123284,-0.050301459589483954
66.35924212943267,-35.57518092455554,-63.84467091875394,33.01372665024231,-0.04857284486624991
66.11423712315646,-36.46629440291719,-62.00106062112947,32.30788653966375,-0.046883063634496125
65.86309505003517,-37.325299340957756,-60.19686708218012,31.61545437649585,-0.0452313612264561
65.60603704044453,-38.152925560223764,-58.431341551842685,30.93619082948556,-0.04361699660685403
65.34327919850516,-38.949888624754934,-56.7037486452086,30.269860688117923,-0.04203924213635446
65.0750327002736,-39.716890099389644,-55.01336611240651,29.616232792841057,-0.040497383340451165
64.80150389015428,-40.454617803593386,-53.35948461238129,28.975079966485723,-0.03899071868150017
64.52289437556345,-41.16374606088759,-51.74140749050285,28.34617894685913,-0.03751855933467141
64.23940111987521,-41.84493594395672,-50.15845055993919,27.729310320495554,-0.03608022896785812
63.951216533679585,-42.49883551550346,-48.60994188672902,27.124258457539025,-0.034675063525146044
63.65852856438183,-43.126080064922164,-47.09522157849082,26.530811447735804,-0.03330241101386733
63.36152078417173,-43.72729234086354,-45.61364157670633,25.948761037518896,-0.031961631295349235
63.06037247639121,-44.303082779760906,-44.16456545251738,25.377902568165972,-0.030652095879244
62.75525872032822,-44.854049730381405,-42.747368205976365,24.818034915006095,-0.029373187721105865
62.446350474464026,-45.3807796744709,-41.36143606869149,24.268960427658058,-0.028124301023453313
62.13381465820091,-45.88384744356094,-40.006166309809466,23.73048487128447,-0.026904841040305882
61.8178142320969,-46.36381643200266,-38.68096704527867,23.202417368843523,-0.025714223885021426
61.49850827663311,-46.821238806281265,-37.385257050337316,22.684570344309556,-0.0245518763409045
61.176052069539715,-47.25665571069322,-36.11846557517228,22.1767594668663,-0.023417235675914583
60.850597161705366,-47.670597469425715,-34.880032163694466,21.678803596031663,-0.022309749459481054
60.52229145169487,-48.06358378511503,-33.66940647537857,21.190524727714777,-0.021228875383151546
60.19127925889948,-48.43612393393665,-32.48604811011525,20.711747941181635,-0.020174081083954576
59.85770139534352,-48.78871695728647,-31.32942643602489,20.24230134691409,-0.01914484397078553
59.521695236170956,-49.12185185011127,-30.199020420183157,19.782016035347105,-0.018140651053748513
59.18339478883496,-49.436007745944806,-29.094318462209245,19.330726026468454,-0.017160998776365233
58.842930761013065,-49.73165409870545,-28.01481823066865,18.88826822026613,-0.016205392850636713
58.50043062727039,-50.00925086131042,-26.960026502243164,18.45448234800886,-0.015273348094900996
58.15601869449262,-50.26924866115838,-25.92945900362154,18.029210924342863,-0.014364388274334061
57.80981616611062,-50.51208897253945,-24.92264025606527,17.612299200197366,-0.013478045944435024
57.46194120513748,-50.7382042860156,-23.939103422604248,17.20359511647487,-0.012613862296735334
57.11250899603917,-50.94801827483093,-22.978390157818605,16.802949258521583,-0.01177138700750291
56.76163180545908,-51.14194595839739,-22.04005046016304,16.410214811359232,-0.010950178088783957
56.409419041816705,-51.32039386290877,-21.1236425267912,16.025247515668696,-0.01014980174211999
56.05597731380004,-51.4837601791279,-20.228732610838076,15.647905624508496,-0.009369832214574103
55.7014104877715,-51.63243491740027,-19.35489488111943,15.278049860761167,-0.008609851657435996
55.34581974410608,-51.76680005993487,-18.50171128420755,14.915543375288157,-0.007869449987035537
54.98930363248091,-51.88722971040434,-17.6687714088438,14.560251705787433,-0.0071482247481835515
54.63195812613442,-51.99409024090712,-16.855672352648735,14.212042736338578,-0.006445780979795757
54.273876675113414,-52.087740436337576,-16.062018591091327,13.87078665762498,-0.0057617310828561585
53.91515025852588,-52.168531636205856,-15.287421848679582,13.536355927818919,-0.0050956946905102996
53.55586743581709,-52.236807873956586,-14.531500972335444,13.20862523412477,-0.004447298540641853
53.19611439708625,-52.29290601381948,-13.79388180691729,12.88747145495853,-0.0038161763501669554
52.83597501246053,-52.33715588524517,-13.074197072854451,12.572773622765295,-0.00320196869199485
52.47553088054345,-52.36988041496102,-12.372086245858151,12.26441288745711,-0.0026043228737933077
52.11486137595364,-52.39139575668322,-11.68719543867422,11.962272480455638,-0.0020228928186050155
51.75404369597029,-52.402011418538905,-11.019177284843774,11.666237679345004,-0.0014573389481604693
51.39315290630114,-52.40203038822075,-10.367690824437853,11.3761957731059,-0.0009073280673863593
51.032261985988455,-52.39174925592703,-9.732401391733468,11.092036027937127,-0.00037253325156427763
50.671441871468375,-52.371458335114475,-9.112980504798355,10.813649653643008,0.0001473662650823826
50.31076149979855,-52.341441781108635,-8.509105756952728,10.540929770585343,0.0006526851985526605
49.95028785106904,-52.30197770760485,-7.920460710076603,10.273771377186506,0.001143732322532287
49.590085990010735,-52.25333830109439,-7.346734789731844,10.012071317972772,0.001620810574095799
49.23021910681587,-52.19578993325809,-6.787623182068803,9.755728252156404,0.0020842171572752477
48.87074855718437,-52.129593271351204,-6.242826732487443,9.504642622735208,0.0025342436453836825
48.51173390161002,-52.05500338662774,-5.712051846024075,9.258716626116268,0.0029711760809298937
48.15323294391999,-51.97226986082407,-5.195010389434394,9.017854182239816,0.0033952950744762234
47.79530176908086,-51.88163689074486,-4.691419594944939,8.781960905205704,0.003806875901339879
47.43799478028452,-51.7833433909812,-4.201001965644858,8.550944074391136,0.004206188596764804
47.08136473532658,-51.677623094790086,-3.723485182490578,8.324712606048283,0.004593498049596079
46.72546278228999,-51.5647046531699,-3.2586020128965694,8.10317702537725,0.004969064094201059
46.37033849454642,-51.444811732163906,-2.806090220885659,7.886249439067429,0.005333141600770475
46.01603990508744,-51.31816310841759,-2.365692478772737,7.673843508294535,0.0056859805642801575
45.662613540197654,-51.18497276302586,-1.9371562803564142,7.465874422172298,0.006027826191643548
45.31010445248146,-51.04544997369296,-1.52023385559323,7.2622588716439855,0.006358918987676709
44.95855625325517,-50.899799405241126,-1.1146820867298612,7.062915023814156,0.006679494839255895
44.6080111443157,-50.74822119848981,-0.7202624258687395,6.867762496706073,0.006989785098337364
44.25850994909729,-50.590911057540495,-0.33674081394330974,6.676722334445344,0.007290016663221266
43.91009214322699,-50.428060335485796,0.03611239892087249,6.4897169828531025,0.00758041205882698
43.562795884489894,-50.259856118578995,0.3985225316820754,6.306670265451683,0.00786118951516901
43.216658042214725,-50.08648130888664,0.7507106493183928,6.1275073598717755,0.008132563044657815
42.87171422609016,-49.90811470544654,1.0928936384462322,5.9521547746500465,0.008394742518253118
42.527998814422304,-49.72493108396561,1.4252842816430957,5.780540326420263,0.008647933739897695
42.18554498184312,-49.53710127507434,1.7480913304966275,5.612593117482269,0.008892338520054999
41.84438472648014,-49.344792241169536,2.061519577401028,5.448243513749566,0.009128154747677364
41.504548896596795,-49.14816715186363,2.3657699261219802,5.287423123062872,0.009355576461201665
41.166067216713174,-48.9473854580713,2.6610394611505224,5.130064773870659,0.009574793918015523
40.82896831321661,-48.742602964749906,2.947521515866362,4.9761024942628325,0.009785993663053105
40.493279739471234,-48.53397190232349,3.2254057395303524,4.825471491358779,0.009989358595901443
40.15902800043563,-48.32164099681042,3.4948781631259194,4.67810813104095,0.010185068036871137
39.826238576797614,-48.105755538673876,3.7561212640687374,4.533949918024572,0.010373297792079406
39.49493594863473,-47.886457450424906,4.009314029803422,4.392935476266306,0.010554220217047217
39.16514361860925,-47.66388535299206,4.254632020306169,4.255004529697768,0.010728004279554781
38.836884134706004,-47.43817463088492,4.492247429511478,4.120097883285099,0.010894815621125709
38.51017911252156,-47.20945749616804,4.72232914568118,3.988157404404185,0.011054816617657615
38.185049257112674,-46.97786305126828,4.945042810733377,3.8591260045289557,0.01120816643888567
37.86151438441228,-46.74351735063772,5.160550878548791,3.732947621229585,0.011355021106727037
37.539593442220784,-46.50654346128509,5.369012672271831,3.609567200467741,0.011495533552940085
37.219304530780484,-46.26706152220633,5.570584440622952,3.4889306791960415,0.011629853675265256
36.90066492294067,-46.025188802721644,5.765419413239305,3.3709849682436643,0.011758128393143608
36.58369108392102,-45.7810397597481,5.953667855059662,3.255677935494365,0.011880501701995616
36.268398690680456,-45.534726094018055,6.135477119769925,3.142958389342864,0.011997114726947089
35.954802650898955,-45.286356805270835,6.310991702324791,3.0327760624349853,0.012108105775190836
35.64291712157915,-45.03603824642571,6.4803532905613945,2.9250815956760374,0.0122136103878967
35.33275552727492,-44.78387417676138,6.643700815919929,2.819826522511004,0.012313761390873257
35.02433057795365,-44.52996581411652,6.801170503286403,2.7169632534690407,0.012408688944472779
34.71765428649909,-44.2744118861297,6.952895919972314,2.6164450609691703,0.012498520592569395
34.41273798586125,-44.017308680531265,7.099008023845811,2.518226064378268,0.012583381310876884
34.10959234585996,-43.7587500945116,7.239635210628435,2.4222612153255434,0.01266339355406254
33.80822738964844,-43.49882768317519,7.374903360371771,2.3285062832621626,0.012738677302339685
33.50865250984316,-43.23763070709822,7.504935883127692,2.236917841263511,0.01280935010717732
33.210876484326185,-42.975246179006675,7.629853763825751,2.1474532520716036,0.012875527136143372
32.914907491726005,-42.711758909592454,7.7497756063711245,2.0600706543759184,0.012937321216865083
32.62075312658292,-42.4472515524747,7.86481767697643,1.9747289493198947,0.012994842880593716
32.32842041420466,-42.18180464833097,7.975093946740013,1.8913877872400822,0.013048200404546906
32.03791582521821,-41.91549666820712,8.080716133483701,1.8100075546275458,0.013097499853785388
31.749245289823214,-41.6484040560206,8.181793742862434,1.7305493613083027,0.013142845122334545
31.46241421175281,-41.38060127027641,8.278434108757994,1.6529750278446327,0.013184337973348281
31.177427481947035,-41.11216082499965,8.370742432969193,1.5772470731427388,0.013222078079029975
30.894289491944416,-40.843153329909974,8.458821824210007,1.5033287022757964,0.013256163059318204
30.61300414699686,-40.57364752984356,8.542773336427722,1.4311837945104922,0.01328668852024606
30.33357487891303,-40.30371034343832,8.622696006452419,1.3607768915362826,0.013313748091512645
30.056004658635292,-40.03340690109498,8.698686890989148,1.292073185893524,0.013337433463412651
29.780296008555283,-39.76280058222947,8.770841102963889,1.225038509600159,0.013357834422985881
29.506451014572836,-39.49195305182206,8.839251847234374,1.1596393229658106,0.013375038889863688
29.23447133790327,-39.220924296286704,8.904010455676246,1.0958427036023433,0.013389132950962113
28.964358226637593,-38.949772658660066,8.96520642165554,1.033616335613711,0.013400200895155034
28.696112527060404,-38.67855487313405,9.022927433897467,0.9729284989751711,0.013408325246776709
28.42973469472993,-38.40732609893366,9.07725940976211,0.9137480590878514,0.013413586798994293
28.165224805324783,-38.13613995355943,9.128286527936798,0.8560444565140988,0.013416064646233017
27.902582565261756,-37.86504854540078,9.176091260555257,0.7997876968853451,0.013415836216250643
27.641807322089008,-37.59410250573307,9.220754404753198,0.744948340981182,0.013412977301576201
27.382898074658915,-37.32335102011069,9.262355113669866,0.6914974949784848,0.013407562090318348
27.125853483084683,-37.05284185916393,9.300970926905071,0.6394068008643224,0.01339966319657282
26.870671878484877,-36.78262140881311,9.336677800440839,0.5886484270131941,0.013389351690149875
26.617351272519898,-36.512734699909785,9.369550136036858,0.5391950589251293,0.013376697125803694
26.365889366724257,-36.2432254373118,9.399660810108708,0.4910198901182582,0.013361767572100058
26.11628356163867,-35.97413602840964,9.427081202097499,0.444096613181387,0.013344629639423622
25.868530965745656,-35.705507611104736,9.451881222339846,0.3983994109737832,0.013325348507918056
25.622628404212477,-35.437380081257565,9.474129339446414,0.3539029479785818,0.013303987954549568
25.378572427445018,-35.1697921196102,9.493892607197592,0.3105823618020837,0.013280610379907687
25.136359319456272,-34.9027812181936,9.511236690964477,0.268413254817289,0.013255276834494178
24.89598510605294,-34.63638370623103,9.526225893663181,0.2273716859517673,0.013228047044434976
24.657445562843666,-34.37063477554392,9.53892318125055,0.1874341626144838,0.01319897943685891
24.420736223072257,-34.10556850547005,9.54939020776905,0.14857763276026473,0.013168131164779384
24.185852385279347,-33.841217887303046,9.557687339948508,0.11077947708985755,0.013135558131519481
23.95278912079569,-33.57761484826239,9.563873681372243,0.0740175013840785,0.013101315014666798
23.72154128107042,-33.314790275002046,9.56800709621516,0.03826992896934155,0.01306545528961836
23.49210350483738,-33.05277403666227,9.570144232561042,0.0035153933083678147,0.013028031252873877
23.26447022512272,-32.79159500748122,9.570340545306106,-0.03026706927685388,0.012989094044519428
23.03863567609672,-32.53128108896474,9.568650318656175,-0.06309802676253379,0.012948693670753436
22.814593899772994,-32.27185923163049,9.565126688224154,-0.09499765845396305,0.012906879025622875
22.59233875255789,-32.01335545632717,9.559821662734866,-0.1259857618995217,0.012863697912692013
22.371863911653104,-31.75579487514194,9.55278614534379,-0.1560817596837681,0.012819197066064714
22.153162881314273,-31.49920171190025,9.54406995457645,-0.1853047061053235,0.012773422171184962
21.936228998968414,-31.24359932226756,9.533721844894881,-0.21367329373889282,0.012726417885151553
21.721055441192906,-30.989010213456677,9.521789526897647,-0.24120585988748836,0.012678227856841973
21.507635229558755,-30.735456063553656,9.508319687159556,-0.26792039292003395,0.012628894746388258
21.29596123634075,-30.482957740462496,9.493358007717427,-0.2938345385037863,0.012578460244621115
21.086026190097183,-30.231535320481164,9.476949185207856,-0.31896560572712135,0.012526965091896936
20.877822681121582,-29.981208106511975,9.459136949663032,-0.34333057311848714,0.012474449096752716
20.671343166769077,-29.731994645914536,9.439964082970446,-0.3669460945616096,0.012420951154152093
20.466579976659794,-29.48391274800822,9.419472437002273,-0.3898285051081568,0.012366509263377401
20.263525317761705,-29.23697950122848,9.39770295142014,-0.4119938266918078,0.012311160545691702
20.06217127935534,-28.99121128994598,9.37469567116082,-0.4334577737425153,0.012254941261557517
19.86250983788265,-28.74662381095203,9.350489763608387,-0.45423575870551375,0.012197886827664928
19.66453286168234,-28.503232089619708,9.325123535458175,-0.47434289746302605,0.012140031833494047
19.4682321156139,-28.261050495742264,9.298634449277975,-0.4937940146651049,0.012081410057780517
19.273599265572575,-28.02009275905838,9.27105913977152,-0.5126036489670572,0.012022054484506717
19.080625882897383,-27.78037198446881,9.242433429749516,-0.5307860581763653,0.011961997318658324
18.889303448674355,-27.541900666949395,9.212792345813229,-0.5483552243113288,0.011901270001722919
18.69962335793707,-27.304690706166973,9.182170133755594,-0.56532485857184,0.01183990322685946
18.51157692376652,-27.06875342080234,9.150600273684724,-0.5817084062252315,0.011777926953852491
18.325155381292355,-26.83409956258823,9.118115494874584,-0.5975190514057517,0.011715370423669769
18.14034989159741,-26.600739330063142,9.084747790347643,-0.6127697218339275,0.011652262172957895
17.957151545527555,-26.36868238205248,9.050528431193982,-0.6274730934504009,0.011588630047983606
17.77555136740868,-26.13793785087472,9.01548798063161,-0.6416415949735835,0.011524501218656003
17.59554031867271,-25.908514355284222,8.979656307812304,-0.655287412375281,0.011459902191986893
17.417109301394525,-25.680420013151103,8.943062601377472,-0.6684224932805649,0.011394858825512166
17.240249161741513,-25.453662453885872,8.905735382768336,-0.6810585512899568,0.011329396340328923
17.064950693337586,-25.2282488306109,8.867702519294738,-0.6932070702282225,0.011263539334019801
16.89120464054336,-25.004185832086304,8.82899123696668,-0.7048793083177681,0.01119731179320027
16.719001701654197,-24.781479694391926,8.789628133092808,-0.7160863022810582,0.011130737105968458
16.548332532017795,-24.560136212372225,8.7496391886498,-0.7268388713708069,0.011063838074020449
16.37918774707297,-24.340160750847875,8.709049780426687,-0.737147621329688,0.010996636924563763
16.211557925311205,-24.12155825559674,8.667884692948057,-0.7470229482826798,0.010929155322092377
16.045433611162586,-23.904333264110615,8.626168130179895,-0.7564750425608316,0.010861414379843115
15.88080531780766,-23.688489916132006,8.58392372702189,-0.7655138924574967,0.010793434671034441
15.717663529916706,-23.474031963971854,8.541174560589967,-0.7741492879216983,0.010725236240046954
15.555998706317975,-23.260962782618094,8.49794316129259,-0.7823908241832562,0.010656838613121278
15.395801282596297,-23.04928537963138,8.454251523704604,-0.7902479053192092,0.01058826080921449
15.23706167362354,-22.83900240483924,8.410121117241935,-0.7977297477544723,0.010519521350310534
15.0797702760223,-22.630116159827597,8.36557289664077,-0.8048453837031457,0.010450638271764623
14.923917470564234,-22.42262860723621,8.3206273122446,-0.8116036645485072,0.010381629132327541
14.769493624504372,-22.216541379858747,8.27530432010247,-0.8180132641658874,0.010312511024117565
14.61648909385275,-22.011855789555433,8.229623391881704,-0.8240826821847534,0.010243300582207682
14.46489422558466,-21.808572835976793,8.18360352459845,-0.8298202471965053,0.01017401399426665
14.314699359790854,-21.6066932151065,8.137263250169068,-0.835234119904009,0.010104667009810608
14.16589483176886,-21.406217327623875,8.09062064478568,-0.8403322962169746,0.01003527494941392
14.018470974056738,-21.207145287090636,8.043693338118814,-0.8451226102927861,0.009965852713690992
13.872418118410458,-21.00947692796481,7.996498522350276,-0.8496127375241903,0.00989641479212977
13.72772659772607,-20.813211813445474,7.9490529610391585,-0.8538101974741937,0.00982697527173515
13.584386747907857,-20.618349243150536,7.901372997823959,-0.8577223567602784,0.009757547845561265
13.442388909683608,-20.42488826063237,7.853474564963627,-0.8613564318868774,0.00968814582100086
13.30172343036813,-20.23282766073288,7.805373191720444,-0.8647194920286647,0.00961878212798939
13.162380665576118,-20.042165996781616,7.757084012587469,-0.8678184617649071,0.009549469327028826
13.024350980885428,-19.852901587639757,7.708621775363285,-0.870660123765791,0.009480219617063024
12.887624753451867,-19.665032524593776,7.660000849076738,-0.8732511214306387,0.009411044843165128
12.752192373576474,-19.478556678099306,7.611235231764346,-0.8755979614814247,0.009341956504189675
12.61804424622639,-19.29347170438203,7.5623385581028675,-0.8777070165079028,0.009272965760089402
12.485170792510248,-19.109775051893404,7.513324106899755,-0.8795845274706331,0.009204083439325883
12.353562451109104,-18.927463967627723,7.464204808443816,-0.8812366061585488,0.009135320045965178
12.223209679663864,-18.746535503302873,7.41499325171865,-0.8826692376020813,0.009066685766648375
12.094102956120151,-18.56698652140466,7.36570169148131,-0.8838882824456653,0.008998190477559787
11.966232780031534,-18.388813701100037,7.316342055208485,-0.8848994792773306,0.00892984375113448
11.839589673822045,-18.21201354402142,7.266925949912591,-0.8857084469164248,0.00886165486265078
11.714164184008844,-18.036582379922603,7.217464668830101,-0.8863206866624013,0.008793632796790907
11.589946882385949,-17.862516372211594,7.1679691979842985,-0.8867415845021754,0.008725786253941048
11.466928367169851,-17.689811523360436,7.118450222624755,-0.8869764132792745,0.008658123656477446
11.345099264107875,-17.518463680195197,7.068918133545691,-0.8870303348245823,0.008590653154895489
11.224450227550104,-17.34846853906912,7.01938303328533,-0.886908402048538,0.008523382633786492
11.104971941485687,-17.179821650919635,6.969854742208432,-0.8866155609972491,0.00845631971777605
10.986655120544302,-17.012518426213795,6.920342804473992,-0.8861566528704883,0.008389471777234703
10.869490510963587,-16.8465541397815,6.870856493890255,-0.8855364160053475,0.008322845934011225
10.75346889152325,-16.68192393554002,6.821404819658957,-0.8847594878247221,0.008256449066994631
10.638581074446673,-16.518622831114055,6.7719965320107445,-0.8838304067488001,0.008190287817464559
10.524817906270677,-16.35664572234864,6.722640127733867,-0.8827536140754676,0.008124368594562892
10.41217026868422,-16.19598738772173,6.67334385559784,-0.8815334558249066,0.00805869758043476
10.300629079336693,-16.036642492655105,6.624115721674118,-0.8801741845526133,0.007993280735423491
10.190185292616537,-15.878605593727201,6.574963494555508,-0.8786799611297055,0.007928123803092935
10.08082990040085,-15.72187114278997,6.525894710476171,-0.8770548564907678,0.007863232315138302
9.972553932776622,-15.566433490989938,6.476916678334015,-0.8753028533517346,0.0077986115962837
9.8653484587343,-15.41228689269791,6.428036484617155,-0.8734278478955033,0.007734266768963494
9.75920458683427,-15.25942550934633,6.379260998236241,-0.8714336514288599,0.007670202758040867
9.65411346584693,-15.107843413178577,6.33059687526426,-0.8693239920085601,0.007606424295320657
9.550066285366928,-14.957534590910184,6.282050563585532,-0.8671025160389636,0.007542935924052974
9.44705427640218,-14.808492947304535,6.233628307455481,-0.8647727898408663,0.00747974200331214
9.345068711938293,-14.66071230866529,6.185336151972805,-0.8623383011913671,0.007416846712260949
9.244100907478888,-14.5141864262449,6.13717994746565,-0.8598024608378342,0.007354254054440124
9.144142221562497,-14.368908979574424,6.089165353793237,-0.8571686039824581,0.007291967861804083
9.045184056256494,-14.224873579712545,6.041297844564592,-0.8544399917419933,0.0072299917988510876
8.947217857628665,-14.082073772418017,5.99358271127575,-0.8516198125801905,0.007168329366546877
8.850235116196925,-13.940503041246266,5.946025067366975,-0.8487111837142833,0.007106983906208009
8.754227367357714,-13.80015481057078,5.898629852201431,-0.8457171524969723,0.007045958603350444
8.659186191793573,-13.661022448532197,5.851401834966678,-0.8426406977727369,0.006985256491393366
8.565103215860427,-13.523099269915988,5.804345618500433,-0.8394847312095804,0.0069248804553171395
8.471970111955036,-13.38637853895921,5.7574656430419475,-0.8362520986076384,0.006864833235290857
8.379778598863115,-13.250853472089764,5.710766189910327,-0.8329455811828871,0.00680511743013501
8.288520442088604,-13.116517240597839,5.664251385111145,-0.829567896828191,0.006745735500791494
8.198187454164524,-12.983362973241027,5.617925202872645,-0.8261217013519768,0.006686689773719445
8.108771494945895,-12.851383758785676,5.571791469112772,-0.822609589693578,0.006627982444165292
8.020264471885161,-12.720572648484769,5.525853864838321,-0.8190340971167289,0.006569615579412491
7.932658340290537,-12.590922658493254,5.480115929477459,-0.8153977003820226,0.006511591121984184
7.845945103567733,-12.462426772223376,5.434581064146751,-0.8117028188972657,0.00645391089271985
7.760116813445447,-12.335077942640122,5.389252534853957,-0.8079518158473422,0.006396576593841852
7.675165570185059,-12.208869094498464,5.344133475637731,-0.8041469993034585,0.006339589811938939
7.591083522774908,-12.083793126523986,5.299226891645379,-0.8002906233116253,0.006282952020867594
7.507862869109558,-11.959842913536393,5.254535662149819,-0.7963848889626525,0.00622666458467569
7.425495856154438,-11.837011308519896,5.210062543506811,-0.792431945440809,0.006170728760331312
7.343974780096218,-11.715291144638439,5.165810172053601,-0.7884338910549871,0.00611514570054339
7.263291986479314,-11.594675237199695,5.12178106695,-0.784392774249602,0.006059916456393477
7.183439870328864,-11.47515638556668,5.077977632962999,-0.7803105945980052,0.006005041980016612
7.104410876260536,-11.356727375019094,5.034402163195916,-0.7761893037775811,0.005950523127178697
7.026197498577519,-11.239380978565972,4.991056841763088,-0.7720308065262905,0.005896360659776834
6.948792281355034,-11.123109958709398,4.947943746411136,-0.767836961582307,0.005842555248344206
6.872187818512692,-11.007907069161163,4.905064851087774,-0.7636095826061481,0.005789107474465038
6.796376753875031,-10.893765056513006,4.862422028459112,-0.7593504390859552,0.005736017833154139
6.7213517812205605,-10.780676661861518,4.820017052376406,-0.7550612572261033,0.005683286735182036
6.64710564431959,-10.668634622388781,4.777851600293186,-0.750743720819286,0.005630914509345386
6.573631136961207,-10.557631672899305,4.735927255633683,-0.7463994721028137,0.005578901404708958
6.500921102969635,-10.44766054731474,4.694245510113442,-0.7420301125987137,0.005527247592771345
6.428968436210325,-10.338713980126496,4.652807766013007,-0.7376372039388118,0.005475953169623349
6.357766080586027,-10.230784707807924,4.611615338405549,-0.7332222686742004,0.0054250181580243195
6.287307030023139,-10.123865470186523,4.5706694573392745,-0.728786791069779,0.005374442509452293
6.217584328448609,-10.017949011777038,4.529971269975472,-0.7243322178841495,0.005324226106111496
6.148591069757656,-9.913028083076311,4.489521842683004,-0.7198599591350398,0.0052743687628938885
6.080320397772567,-9.809095441820526,4.449322163090057,-0.7153713888507632,0.0052248702293097304
6.012765506192847,-9.706143854206504,4.409373142093921,-0.7108678458069627,0.005175730191334549
5.945919638536939,-9.604166096076057,4.369675615829639,-0.7063506342508841,0.0051269482733012905
5.879776088075814,-9.503154954066623,4.3302303475981905,-0.7018210246106967,0.0050785240396369336
5.814328197758609,-9.403103226726312,4.291038029755087,-0.6972802541930015,0.005030456996684252
5.749569360130608,-9.3040037255963,4.252099285559996,-0.6927295278663327,0.004982746594382248
5.685493017243753,-9.205849276259956,4.213414670988211,-0.6881700187323632,0.004935392227972568
5.6220926605599395,-9.108632719359933,4.174984676504626,-0.6836028687844682,0.0048883932396450724
5.559361830847301,-9.012346911583595,4.136809728800943,-0.6790291895542444,0.004841748920163758
5.497294118069713,-8.916984726618566,4.098890192496773,-0.6744500627449532,0.004795458510404194
5.43588316126971,-8.82253905607675,4.061226371805359,-0.6698665408546994,0.004749521202967566
5.375122648445043,-8.729002810390462,4.023818512164505,-0.6652796477862716,0.004703936143620635
5.315006316419063,-8.636368919678901,3.9866668018334406,-0.660690379446465,0.004658702432814299
5.255527950705139,-8.54463033458635,3.949771373456227,-0.6560997043343332,0.00461381912713732
5.196681385365303,-8.453780027093833,3.9131323055923066,-0.6515085641172891,0.004569285240683674
5.138460502863304,-8.363810991302776,3.876749624214882,-0.6469178741975709,0.004525099746487626
5.080859233912262,-8.274716244193122,3.840623304177661,-0.642328524267182,0.004481261577839235
5.023871557317113,-8.186488826355479,3.804753270650615,-0.6377413788526473,0.004437769629619059
4.9674914998119934,-8.099121802697873,3.769139400525313,-0.6331572778497386,0.004394622759602007
4.911713135892775,-8.012608263128502,3.733781523790391,-0.6285770370474784,0.0043518197896949
4.856530587644885,-7.926941323214159,3.698679424877771,-0.6240014486425303,0.004309359507185473
4.801938024566596,-7.842114124814825,3.6638328439801398,-0.619431281744235,0.004267240665966954
4.747929663387948,-7.75811983669623,3.6292414783402354,-0.6148672828690628,0.004225461987675705
4.694499767885451,-7.67495165511901,3.5949049835125164,-0.6103101764267266,0.004184022162890488
4.641642648692721,-7.5926028044065745,3.5608229745976865,-0.6057606651963698,0.004142919852230809
4.589352663107223,-7.511066537491483,3.5269950274506265,-0.6012194307937796,0.004102153687463028
4.537624214893231,-7.430336136440663,3.4934206798622363,-0.5966871341299248,0.004061722272587276
4.48645175408119,-7.350404912960416,3.460099432715668,-0.5921644158605184,0.004021624184879946
4.435829776763582,-7.271266208881388,3.427030751117458,-0.5876518968270428,0.003981857975924097
4.385752824887467,-7.192913396624146,3.3942140655040225,-0.5831501784892249,0.003942422172608984
4.336215486043806,-7.115339879645538,3.3616487727240147,-0.5786598433493993,0.003903315278118602
4.287212393253722,-7.03853909286659,3.329334237096972,-0.5741814553685798,0.0038645357728833707
4.238738224751802,-6.962504503082053,3.297269791448733,-0.5697155603747345,0.0038260821155244873
4.190787703766583,-6.887229609352668,3.2654547381240566,-0.5652626864627154,0.0037879527437466587
4.143355598298343,-6.812707943379559,3.233888349976904,-0.5608233443870723,0.0037501460752559224
4.096436720894302,-6.738933069862048,3.2025698713387887,-0.556398027946941,0.0037126605086159614
4.050025928421369,-6.665898586838903,3.1714985189656266,-0.5519872143635678,0.003675494424101866
4.00411812183653,-6.593598126013594,3.140673482963511,-0.5475913646503886,0.0036386461845245854
3.958708245955005,-6.52202535306348,3.110093927693816,-0.543210923976332,0.0036021141360583764
3.9137912892162676,-6.4511739679341416,3.0797589926580127,-0.5388463220215375,0.003565896609008967
3.869362283448043,-6.381037705118408,3.049667793362622,-0.5344979733265238,0.0035299919186012607
3.8254163036283804,-6.311610333920781,3.019819422164669,-0.5301662776345721,0.0034943983657331756
3.781948467645909,-6.242885658707903,2.9902129490980136,-0.5258516202271055,0.0034591142376965145
3.738953936058363,-6.1748575191447115,2.9608474226809562,-0.5215543722529906,0.0034241378089143737
3.696427911849485,-6.1075197904175385,2.931721870705453,-0.5172748910508485,0.0033894673416169363
3.6543656401843942,-6.04086638344341,2.902835301008332,-0.5130135204656916,0.0033551010865513486
3.6127624081635052,-5.974891245066934,2.874186702224826,-0.5087705911588372,0.0033210372836249835
3.5716135445751003,-5.909588358244505,2.8457750445248,-0.5045464209118592,0.0032872741625600277
3.530914419646625,-5.844951742216032,2.8175992803320034,-0.5003413149247993,0.003253809943536523
3.4906604447948095,-5.780975452664998,2.7896583450266714,-0.49615556610822775,0.0032206428377974383
3.4508470723746782,-5.7176535818667515,2.761951157631815,-0.4919894553696638,0.0031877710482555166
3.4114697954275464,-5.654980258825503,2.7344766214835152,-0.4878432518942975,0.0031551927700778637
3.372524147428069,-5.592949649400193,2.7072336248855433,-0.48371721342023366,0.0031229061912607103
3.3340057020304226,-5.531555956419608,2.6802210417486068,-0.47961158650826846,0.0030909094931856895
3.295910072813695,-5.470793419787225,2.6534377322145355,-0.4755266068060783,0.003059200851152466
3.2582329130265553,-5.410656316575399,2.626882543265709,-0.47146249930762346,0.0030277784349274084
3.220969915331271,-5.351138961109982,2.6005543093199988,-0.46741947860699795,0.002996640409241691
3.1841168115471454,-5.2922357050453055,2.574451852811539,-0.4633977491471343,0.0029657849342893394
3.1476693723934375,-5.233940937429128,2.5485739847576037,-0.45939750546421737,0.0029352101662446506
3.111623407231836,-5.176249084759284,2.5229195053118363,-0.45541893242624276,0.0029049142576960674
3.0759747638085395,-5.119154611030633,2.497487204304158,-0.45146220546763194,0.002874895358145224
3.0407193279960176,-5.06265201777384,2.472275861767575,-0.44752749081855786,0.0028451516144324396
3.0058530235345033,-5.006735844085298,2.447284248452176,-0.44361494573010773,0.0028156811711945173
2.9713718117732775,-4.951400666649184,2.4225111263265604,-0.4397247186945082,0.002786482171273974
2.9372716914118056,-4.896641099751283,2.3979552490669644,-0.4358569496611662,0.002757552756145365
2.9035486982407748,-4.8424517952849735,2.3736153625343235,-0.432011770248398,0.002728891066321182
2.870198904883092,-4.78882744275004,2.3494902052395146,-0.4281893039504586,0.0027004952417267747
2.8372184205348905,-4.7357627692435695,2.3255785087970313,-0.42438966634097625,0.0026723634221080816
2.8046033907065997,-4.683252539444278,2.301878998367302,-0.4206129652716338,0.00264449374737602
2.7723499969641185,-4.631291555589405,2.2783903930879146,-0.41685930106733154,0.002616884357989846
2.740454456670155,-4.579874657445105,2.2551114064939353,-0.41312876671712134,0.002589533395296828
2.7089130227257634,-4.528996722270468,2.2320407469275763,-0.4094214480610419,0.002562439001864314
2.677721983312132,-4.478652664774758,2.2091771179374176,-0.4057374239735848,0.002535599321830062
2.646877661632667,-4.428837437068844,2.1865192186673927,-0.4020767665430111,0.00250901250120672
2.6163764156554064,-4.379546028610403,2.1640657442357565,-0.3984395412472351,0.0024826766882045104
2.586214637855815,-4.330773466143517,2.141815386104231,-0.39482580712586807,0.0024565900335244417
2.556388754959995,-4.282514813632456,2.119766832437546,-0.3912356169489101,0.0024307506906605103
2.5268952276883514,-4.234765172190181,2.0979187684535554,-0.3876690173817348,0.0024051568161752024
2.497730550499749,-4.187519680001241,2.076269876764144,-0.38412604914701726,0.0023798065699913162
2.4688912513362036,-4.140773512240055,2.05481883770709,-0.3806067471827138,0.002354698115634657
2.4403738913681328,-4.094521880983567,2.0335643296691055,-0.3771111407974713,0.002329829620524637
2.4121750647402105,-4.048760035119647,2.0125050294001965,-0.3736392538221874,0.0023051992561996526
2.3842913983178504,-4.003483260250575,1.9916396123195639,-0.3701911047586656,0.0022808051985722666
2.3567195514343564,-3.9586868785918417,1.9709667528131973,-0.3667667069253534,0.0022566456281736813
2.3294562156387673,-3.9143662488670783,1.9504851245233348,-0.36336606859947135,0.002232718730358685
2.3024981144444276,-3.8705167661982194,1.930193400629983,-0.3599891931567433,0.0022090226955523984
2.275842003078313,-3.8271338619919244,1.9100902541246363,-0.35663607920780227,0.0021855557194479514
2.24948466823114,-3.78421300382186,1.8901743580763757,-0.35330672073192587,0.0021623160032226973
2.223422927808283,-3.7417496953073437,1.870444385890502,-0.3500011072077423,0.0021393017537298387
2.197653630681531,-3.699739475988156,1.8508990115598696,-0.3467192237413227,0.002116511183698877
2.1721736564417036,-3.6581779211958114,1.831536909909065,-0.34346105119152975,0.0020939425119216315
2.146979915152156,-3.617060641921508,1.812356756831588,-0.34022656629256987,0.0020715939634274316
2.1220693471031886,-3.5763832846805843,1.7933572295201874,-0.33701574177412696,0.002049463769665971
2.0974389225673984,-3.536141531374011,1.7745370066904884,-0.33382854647867516,0.002027550168664738
2.0730856415559757,-3.496331099146605,1.75589476879807,-0.3306649454764882,0.0020058514052004317
2.049006533575983,-3.456947740242335,1.7374291982491172,-0.3275249001781154,0.001984365730952675
2.0251986573886254,-3.417987241856886,1.7191389796047956,-0.3244083684443175,0.001963091404649675
2.0016591007685447,-3.3794454259873876,1.7010227997794831,-0.32131530469371855,0.001942026692217269
1.9783849802641376,-3.341318149279436,1.6830793482329933,-0.3182456600082003,0.001921169866921646
1.9553734409589358,-3.3036013028717837,1.6653073171569104,-0.3151993822357941,0.0019005192094944112
1.9326216562340532,-3.2662908122384415,1.6477054016551802,-0.3121764160914909,0.0018800730082684791
1.9101268275317183,-3.229382637028471,1.630272299919071,-0.3091767032558291,0.0018598295593010294
1.8878861841199133,-3.192872770903606,1.6130067133966284,-0.3062001824712479,0.001839787166489193
1.8658969828581295,-3.1567572413736626,1.5959073469567497,-0.30324678963640467,0.0018199441416875128
1.844156507964257,-3.121032109630005,1.5789729090479916,-0.30031645789829226,0.0018002988048119728
1.822662070782621,-3.0856934703769148,1.5622021118522338,-0.29740911774247564,0.0017808494839512412
1.8014110095531795,-3.050737451661136,1.5455936714333025,-0.2945246970812771,0.0017615945154644819
1.7804006891818944,-3.0161602146998034,1.52914630788067,-0.29166312133981587,0.001742532244069006
1.759628501012289,-2.981957953706386,1.5128587454483495,-0.28882431354044197,0.0017236610229450777
1.7390918625982035,-2.9481268957152666,1.4967297126890755,-0.286008194384997,0.0017049792138106867
1.718788217477758,-2.9146633004045572,1.4807579425838884,-0.2832146823354802,0.0016864851870153075
1.698715034948536,-2.881563459917664,1.4649421726672165,-0.28044369369267,0.0016681773216089546
1.6788698098439983,-2.8488236986834288,1.4492811451475665,-0.27769514267300405,0.0016500540054186774
1.659250062311133,-2.8164403732347094,1.4337736070239206,-0.2749689414839998,0.0016321136351318821
1.639853337589357,-2.7844098720261266,1.4184183101979235,-0.27226500039751494,0.00161435461634446
1.6206772057906722,-2.752728615250339,1.403214011581975,-0.2695832278216676,0.001596775363638947
1.6017192616810856,-2.7213930546533094,1.388159473203309,-0.2669235303710149,0.0015793743006405347
1.5829771244633049,-2.6903996733486166,1.3732534623041526,-0.2642858129350358,0.0015621498600701944
1.564448437560708,-2.6597449856306534,1.3584947514380616,-0.26166997874519604,0.0015451004838050175
1.5461308684026045,-2.629425536787094,1.3438821185625096,-0.2590759294402745,0.0015282246229201268
1.5280221082107845,-2.599437902910304,1.3294143471278292,-0.25650356513041017,0.0015115207377457973
1.5101198717873687,-2.569778690708218,1.3150902261625776,-0.2539527844593938,0.0014949872978997636
1.4924218973039587,-2.540444537314348,1.3009085503554234,-0.25142348466565506,0.0014786227823345155
1.4749259460920994,-2.511432110097051,1.2868681201336256,-0.24891556164191278,0.001462425679378987
1.4576298024350498,-2.4827381064684504,1.272967741738185,-0.24642890999313516,0.0014463944867610656
1.4405312733608757,-2.454359253692594,1.259206227295756,-0.24396342309335375,0.0014305277116493098
1.4236281884368578,-2.426292308693071,1.2455823948873865,-0.24151899314117847,0.0014148238706842287
1.4069183995652297,-2.3985340578604055,1.2320950686141587,-0.2390955112137535,0.0013992814899946304
1.3903997807802384,-2.371081316858874,1.2187430786598157,-0.23669286731960285,0.0013838991052294025
1.3740702280465387,-2.343930930433022,1.2055252613504366,-0.2343109504501684,0.001368675261577218
1.3579276590589164,-2.3170797722138876,1.192440459211235,-0.23194964863009035,0.0013536085137848264
1.3419700130433503,-2.290524744524978,1.1794875210205482,-0.22960884896626718,0.0013386974261734574
1.3261952505594068,-2.2642627781880296,1.1666653018610884,-0.22728843769572712,0.0013239405726531983
1.310601353303973,-2.2382908323285298,1.1539726631685177,-0.2249883002324149,0.001309336536738509
1.2951863239163321,-2.212605894181369,1.1414084727774136,-0.22270832121255674,0.0012948839115460853
1.2799481857845727,-2.187204978896028,1.1289716049647,-0.220448384539319,0.0012805812998201715
1.2648849828533426,-2.162085129341998,1.1166609404905825,-0.21820837342607702,0.0012664273139255944
1.2499947794329427,-2.137243415914212,1.10447536663707,-0.2159881704385868,0.0012524205758502882
1.2352756600097596,-2.1126769363383717,1.0924137772441402,-0.2137876575362626,0.0012385597172135943
1.22072572905804,-2.0883828154763484,1.0804750727435994,-0.21160671611241613,0.0012248433792655389
1.2063431108530047,-2.0643582051319034,1.0686581601906968,-0.2094452270332597,0.0012112702128748987
1.1921259492853002,-2.040600283856264,1.0569619532935584,-0.20730307067623271,0.001197838878538443
1.1780724076767914,-2.017106256754154,1.0453853724404825,-0.20518012696705532,0.0011845480463620883
1.164180668597687,-1.9938733552897971,1.0339273447251658,-0.2030762754160976,0.001171396396064589
1.150448933685003,-1.970898837093377,1.022586803969898,-0.20099139515357914,0.0011583826169580258
1.1368754234623588,-1.9481799857676074,1.0113626907467903,-0.1989253649640418,0.0011455054079447524
1.1234583771611062,-1.9257141106947133,1.0002539523970797,-0.19687806331981292,0.0011327634774998818
1.1101960525427848,-1.903498546843695,0.9892595430485638,-0.19484936841365066,0.0011201555436596566
1.0970867257229084,-1.8815306545780188,0.9783784236312141,-0.19283915819046427,0.001107680334002964
1.0841286909960743,-1.8598078194635896,0.9676095618910153,-0.19084731037831412,0.0010953365856394282
1.071320260662394,-1.8383274520772517,0.9569519324020763,-0.1888737025184708,0.001083123045185902
1.058659764855244,-1.8170869878157097,0.9464045165770605,-0.18691821199469424,0.001071038468747787
1.0461455513703326,-1.7960838867048634,0.9359663026759817,-0.18498071606178762,0.0010590816219006316
1.03377598549608,-1.7753156332097317,0.9256362858134063,-0.18306109187327363,0.0010472512796632638
1.0215494498453055,-1.754779736044751,0.9154134679641082,-0.18115921650847144,0.001035546226480888
1.0094643441882243,-1.7344737279848106,0.9052968579672132,-0.1792749669986205,0.001023965256191195
0.9975190852867428,-1.7143951656766792,0.8952854715288839,-0.17740822035246534,0.0010125071720063494
0.9857121067300544,-1.6945416294510942,0.885378331223576,-0.17555885358104537,0.0010011707864822639
0.9740418587715283,-1.6749107231354494,0.8755744664939095,-0.17372674372179833,0.0009899549214908154
0.9625068081668899,-1.655500073867119,0.8658729136491952,-0.17191176786196838,0.000978858408189981
0.9511054380136847,-1.6363073319073416,0.8562727158626534,-0.17011380316144278,0.0009678800869976634
0.9398362475920257,-1.6173301704559093,0.8467729231673566,-0.16833272687478018,0.0009570188075538055
0.928697752206616,-1.5985662854664406,0.8373725924509432,-0.16656841637270742,0.000946273428692801
0.9176884830300445,-1.5800133954623357,0.8280707874491298,-0.16482074916300804,0.000935642818411131
0.9068069869473481,-1.5616692413535094,0.818866578738058,-0.1630896029107316,0.0009251258538305329
0.8960518264018369,-1.5435315862538164,0.8097590437255119,-0.16137485545784894,0.00091472142116511
0.8854215792421765,-1.5255982152992669,0.8007472666410376,-0.15967638484226948,0.0009044284156834725
0.8749148385707216,-1.5078669354668952,0.7918303385250021,-0.1579940693164099,0.0008942457416776795
0.8645302125930987,-1.4903355753945606,0.7830073572166137,-0.15632778736502617,0.0008841723124185519
0.8542663244690277,-1.4730019852013738,0.7742774273409481,-0.1546774177226802,0.0008742070501256416
0.8441218121643819,-1.4558640363090707,0.7656396602949971,-0.153042839390509,0.0008643488859217674
0.8340953283044776,-1.4389196212640862,0.7570931742327833,-0.15142393165259752,0.0008545967597992643
0.8241855400285887,-1.4221666535605164,0.7486370940495586,-0.1498205740917703,0.0008449496205772122
0.814391128845681,-1.405603067463927,0.7402705513651213,-0.14823264660487265,0.000835406425860552
0.8047107904913601,-1.3892268178359377,0.7319926845062804,-0.1466600294176454,0.0008259661420026154
0.7951432347860269,-1.3730358799597933,0.7238026384884889,-0.1451026030989774,0.0008166277440573855
0.7856871854942344,-1.3570282493666412,0.7156995649966804,-0.14356024857487235,0.0008073902157451351
0.7763413801852417,-1.3412019416628689,0.7076826223653273,-0.14203284714175896,0.0007982525494012738
0.7671045700947559,-1.3255549923581595,0.6997509755577548,-0.14052028047954085,0.000789213745941153
0.757975519987859,-1.310085456694577,0.6919037961447255,-0.13902243066406395,0.0007802728148102456
0.7489530080231119,-1.2947914094764845,0.6841402622823293,-0.13753918017923814,0.0007714287739435388
0.7400358256178295,-1.279670944901428,0.6764595586891948,-0.13607041192868333,0.0007626806497185445
0.7312227773145202,-1.2647221763918863,0.6688608766230525,-0.1346160092470282,0.0007540274769129718
0.722512680648485,-1.2499432364279754,0.6613434138566638,-0.13317585591078113,0.0007454682986581807
0.7139043660165676,-1.2353322763811176,0.653906374653146,-0.13174983614878136,0.0007370021663922199
0.7053966765470513,-1.2208874663486324,0.6465489697407126,-0.13033783465228968,0.000728628139814641
0.6969884679706941,-1.2066069949892404,0.6392704162868488,-0.12893973658474578,0.0007203452868418114
0.6886786084928967,-1.1924890693595958,0.6320699378719444,-0.12755542759108052,0.0007121526835567327
0.6804659786669973,-1.178531914751716,0.624946764462405,-0.12618479380673972,0.000704049414164909
0.6723494712686844,-1.1647337745313862,0.61790013238326,-0.1248277218663521,0.0006960345709467186
0.6643279911715243,-1.1510929099776086,0.6109292842902859,-0.12348409891197096,0.0006881072542061495
0.6564004552235928,-1.1376076001228668,0.6040334691416706,-0.12215381260116348,0.0006802665722306644
0.6485657921252078,-1.1242761415945792,0.5972119421692244,-0.1208367511145403,0.0006725116412331089
0.6408229423077538,-1.1110968484573405,0.5904639648491716,-0.11953280316318377,0.0006648415853126449
0.6331708578135923,-1.0980680520562571,0.5837888048725276,-0.11824185799564778,0.0006572555364012245
0.6256085021770517,-1.0851881008612707,0.5771857361150831,-0.11696380540465648,0.0006497526342149756
0.6181348503064894,-1.072455360312427,0.5706540386070168,-0.11569853573355779,0.0006423320262075316
0.6107488883674188,-1.059868212666132,0.5641929985021459,-0.11444593988249867,0.0006349928675214722
0.6034496136666964,-1.0474250568425179,0.5578019080468326,-0.11320590931419572,0.0006277343209339509
0.5962360345377581,-1.0351243082736363,0.551480065548568,-0.11197833605961724,0.0006205555568153942
0.5891071702269037,-1.022964398752819,0.5452267753442387,-0.11076311272321814,0.000613455753072506
0.582062050780616,-1.0109437762848985,0.5390413477681015,-0.10956013248806572,0.0006064340951053154
0.5750997169339137,-0.99906090493753,0.5329230991194711,-0.10836928912060899,0.0005994897757533174
0.5682192199997269,-0.9873142646935132,0.5268713516301421,-0.10719047697519905,0.0005926219952458595
0.5614196217592897,-0.9757023513040334,0.5208854334315582,-0.1060235909984661,0.0005858299611567058
0.554699994353545,-0.9642236761430313,0.5149646785217377,-0.10486852673332302,0.0005791128883484847
0.5480594201755499,-0.952876766062465,0.5091084267319737,-0.10372518032286535,0.0005724699989283627
0.54149699176388,-0.9416601632486854,0.5033160236933186,-0.10259344851392838,0.0005659005221932134
0.5350118116970214,-0.9305724250797129,0.4975868208028689,-0.10147322866054258,0.000559403694584848
0.5286029924887468,-0.9196121239836349,0.4919201751898567,-0.10036441872704849,0.0005529787596347951
0.5222696564844657,-0.9087778472978911,0.48631544968156815,-0.09926691729113404,0.000546624967920073
0.5160109357585445,-0.8980681971296666,0.4807720127690914,-0.09818062354655728,0.0005403415770086351
0.5098259720125876,-0.8874817902172374,0.47528923857291333,-0.09710543730572822,0.0005341278514120334
0.503713916474674,-0.8770172577923281,0.46986650680837155,-0.09604125900209004,0.0005279830625353338
0.4976739297995409,-0.8666732454434717,0.4645032027509736,-0.09498798969231272,0.0005219064886274327
0.4917051819697092,-0.8564484129803991,0.4591987172015935,-0.09394553105827372,0.0005158974147301126
0.48580685219754244,-0.8463414342993973,0.4539524464515581,-0.09291378540889417,0.0005099551326298857
0.4799781288282335,-0.8363509972496564,0.44876379224763013,-0.09189265568181439,0.0005040789408090052
0.474218209243711,-0.8264758035006807,0.4436321617568988,-0.09088204544482507,0.0004982681443927856
0.4685262997674597,-0.8167145684106155,0.4385569675315894,-0.08988185889722225,0.0004925220551039861
0.46290161557024706,-0.8070660208956139,0.4335376274737976,-0.08889200087095074,0.00048683999121132415
0.45734338057674995,-0.7975289033001985,0.42857356480016046,-0.0879123768315869,0.0004812212774800567
0.4518508273730736,-0.7881019712685687,0.4236642080064715,-0.08694289287921828,0.0004756652451249621
0.4464231971151574,-0.7787839936169638,0.41880899083224765,-0.08598345574909862,0.00047017123175804865
0.4410597394380597,-0.7695737522069482,0.4140073522252589,-0.08503397281222765,0.0004647385813425914
0.4357597123661148,-0.7604700418197119,0.40925873630602605,-0.08409435207575287,0.00045936664414274186
0.4305223822239563,-0.7514716700313249,0.40456259233229575,-0.08316450218326416,0.0004540547766761077
0.4253470235483987,-0.742577457089014,0.39991837466349905,-0.08224433241490335,0.0004488023416630016
0.4202329190011722,-0.7337862357883639,0.3953255427252043,-0.08133375268739997,0.00044360870798039465
0.4151793592825021,-0.7250968513515079,0.39078356097356726,-0.080432673553958,0.00043847325061267817
0.41018564304552796,-0.7165081613062907,0.3862918988597885,-0.07954100620401794,0.00043339535060343826
0.4052510768115543,-0.7080190353663859,0.38185003079458285,-0.07865866246290729,0.0004283743950078134
0.40037497488612767,-0.6996283553123909,0.37745743611266985,-0.07778555479135907,0.0004234097768439915
0.3955566592759316,-0.6913350148738349,0.37311359903728986,-0.07692159628496512,0.0004185008950475799
0.3907954596064951,-0.6831379196121985,0.36881800864475134,-0.07606670067345775,0.0004136471544214648
0.3860907130407064,-0.6750359868048473,0.36457015882901794,-0.07522078231992452,0.0004088479655901811
0.3814417641981261,-0.6670281453299176,0.3603695482663397,-0.07438375621991335,0.00040410274495250587
0.3768479650750928,-0.6591133355521377,0.3562156803799339,-0.0735555380004454,0.0003994109146348429
0.3723086749656156,-0.6512905092096067,0.3521080633047215,-0.07273604391891005,0.0003947719024435803
0.36782326038304625,-0.643558629301471,0.34804620985212487,-0.0719251908619076,0.0003901851418203067
0.36339109498252425,-0.635916669976592,0.3440296374749302,-0.07112289634393178,0.00038565007179250377
0.3590115594841896,-0.6283636164230718,0.3400578682322238,-0.07032907850604085,0.0003811661369306635
0.35468404159715555,-0.6208984647587344,0.3361304287544021,-0.0695436561144057,0.00037673278730072923
0.35040793594423647,-0.6135202219225427,0.3322468502082633,-0.06876654855875486,0.00037234947841748023
0.3461826439874226,-0.6062279055668621,0.32840666826218523,-0.06799767585081323,0.00036801567120214873
0.3420075739540975,-0.5990205439507311,0.3246094230513914,-0.06723695862255523,0.0003637308319324739
0.33788214076399015,-0.5918971758339312,0.32085465914331307,-0.06648431812449822,0.00035949443220252564
0.33380576595685674,-0.5848568503720426,0.31714192550304815,-0.06573967622382951,0.0003553059488737992
0.3297778776208852,-0.5778986270123468,0.3134707754589236,-0.06500295540251541,0.0003511648640327769
0.3257979103218166,-0.5710215753906203,0.3098407666681644,-0.06427407875534324,0.0003470706649465194
0.32186530503277727,-0.5642247752288335,0.3062514610826707,-0.06355296998787563,0.00034302284401749317
0.3179795090648157,-0.5575073162337482,0.3027024249149103,-0.0628395534143238,0.0003390208987388288
0.31413997599813753,-0.5508682979963168,0.29919322860392916,-0.062133753955440886,0.0003350643316540197
0.31034616561403344,-0.5443068298920464,0.29572344678148,-0.0614354971362545,0.0003311526503090509
0.3065975438274934,-0.5378220309821571,0.29229265823827727,-0.06074470908382335,0.0003272853672125625
0.3028935826205014,-0.5314130299156558,0.28890044589037756,-0.06006131652487867,0.000323461999790213
0.2992337599760048,-0.5250789648322115,0.2855463967456913,-0.05938524678347569,0.0003196820703445513
0.29561755981255233,-0.5188189832659567,0.28223010187062664,-0.058716427778512575,0.00031594510600894965
0.2920444719195949,-0.5126322420500409,0.2789511563568703,-0.05805478802130505,0.0003122506387097379
0.2885139918934435,-0.5065179072221309,0.2757091592883055,-0.05740025661299962,0.0003085982051192343
0.2850256210738782,-0.5004751539306488,0.2725037137080733,-0.05675276324205072,0.00030498734661855986
0.2815788664814023,-0.4945031663419296,0.26933442658577506,-0.05611223818155943,0.0003014176092519874
0.2781732407551368,-0.48860113754814644,0.2662009087848236,-0.05547861228663454,0.0002978885436883266
0.274808262091348,-0.4827682694760683,0.26310277502994184,-0.054851816991703946,0.00029439970517940867
0.27148345418260444,-0.47700377279666983,0.2600396438748113,-0.05423178430774876,0.0002909506535175785
0.2681983461575554,-0.47130686683550826,0.2570111376698755,-0.05361844681954944,0.0002875409529971701
0.26495247252132725,-0.46567677948392944,0.2540168825302963,-0.05301173768287346,0.00028417017237317155
0.26174537309653134,-0.460112747111085,0.25105650830406834,-0.05241159062161854,0.00028083788482066024
0.25857659296487756,-0.4546140144767217,0.24812964854029232,-0.05181793992495074,0.0002775436678961185
0.25544568240938836,-0.44917983464477,0.24523594045760838,-0.051230720444403036,0.0002742871034974656
0.25235219685720855,-0.443809468897742,0.24237502491279125,-0.05064986759092052,0.0002710677778236942
0.24929569682300398,-0.4385021866518768,0.23954654636951078,-0.05007531733191335,0.00026788528133731004
0.2462757478529448,-0.43325726537308185,0.23675015286725673,-0.049507006188262315,0.00026473920872462087
0.24329192046926784,-0.42807399049364064,0.23398549599043095,-0.048944871231303685,0.00026162915885735716
0.24034379011541235,-0.42295165532968404,0.23125223083760782,-0.04838885007979242,0.0002585547347544598
0.23743093710172433,-0.41788956099942853,0.22855001599096442,-0.04783888089683533,0.00025551554354370787
0.2345529465517237,-0.41288701634214964,0.22587851348588178,-0.0472949023868254,0.0002525111964248872
0.23170940834892978,-0.4079433378379433,0.22323738878071753,-0.04675685379231378,0.0002495413086304535
0.2288999170842391,-0.4030578495281895,0.22062631072675298,-0.046224674890909444,0.0002466054993902414
0.22612407200385126,-0.39822988293678396,0.21804495153831377,-0.0456983059921299,0.00024370339189312001
0.22338147695773694,-0.3934587769920838,0.21549298676306577,-0.04517768793425722,0.0002408346132511674
0.22067174034864379,-0.38874387794961424,0.21297009525248708,-0.04466276208114364,0.00023799879446168015
0.2179944750816344,-0.38408453931545494,0.2104759591325182,-0.04415347031905095,0.00023519557037299244
0.21534929851415194,-0.3794801217703831,0.20801026377438872,-0.04364975505343459,0.0002324245796467006
0.2127358324066084,-0.37492999309470787,0.20557269776562348,-0.04315155920573953,0.00022968546472297569
0.21015370287349033,-0.3704335280938259,0.20316295288122796,-0.04265882621017056,0.00022697787178448114
0.20760254033497724,-0.3659901085244657,0.20078072405505376,-0.042171500010467614,0.00022430145072183105
0.2050819794690681,-0.3615991230216491,0.19842570935134418,-0.04168952505665017,0.00022165585509771601
0.20259165916421068,-0.35725996702632856,0.1960976099364619,-0.041212846301771675,0.00021904074211300667
0.20013122247242954,-0.3529720427137113,0.19379613005079732,-0.04074140919866673,0.00021645577257232984
0.19770031656294723,-0.3487347589222881,0.19152097698085926,-0.04027515969666678,0.00021390061084883283
0.19529859267629465,-0.34454753108351094,0.18927186103154856,-0.0398140442383414,0.0002113749248516053
0.19292570607890547,-0.3404097811521657,0.1870484954986137,-0.03935800975620779,0.0002088783859908669
0.19058131601819026,-0.33632093753738906,0.18485059664129044,-0.03890700366946215,0.00020641066914567352
0.18826508567808542,-0.33228043503437327,0.1826778836551239,-0.03846097388067785,0.00020397145262948668
0.18597668213507296,-0.32828771475670726,0.1805300786449748,-0.038019868772523044,0.00020156041815821285
0.18371577631466554,-0.3243422240693716,0.17840690659820924,-0.03758363720447405,0.00019917725081745885
0.18148204294835368,-0.32044341652240005,0.1763080953580719,-0.037152228509504566,0.00019682163902914884
0.17927516053100936,-0.3165907517851493,0.17423337559724425,-0.0367255924908116,0.00019449327452097237
0.17709481127874244,-0.3127836955812411,0.1721824807915855,-0.0363036794185005,0.00019219185229273072
0.17494068108720526,-0.30902171962410147,0.17015514719405858,-0.0358864400263095,0.00018991707058634705
0.17281245949034102,-0.30530430155315924,0.16815111380883935,-0.035473825508298334,0.0001876686308528719
0.17070983961957154,-0.3016309248706348,0.16617012236561032,-0.03506578751557302,0.00018544623772279167
0.16863251816342054,-0.29800107887896893,0.16421191729403753,-0.03466227815298757,0.00018324959897402654
0.16658019532756765,-0.2944142586188564,0.1622762456984316,-0.0342632499758556,0.00018107842550156572
0.1645525747953293,-0.29086996480788124,0.16036285733259242,-0.033868655986670694,0.00017893243128726255
0.16254936368856218,-0.28736770377975135,0.15847150457483677,-0.03347844963183394,0.000176811333369796
0.16057027252898515,-0.28390698742415177,0.15660194240320904,-0.033092584798361024,0.00017471485181366764
0.15861501519991544,-0.2804873331271505,0.15475392837087557,-0.0327110158106386,0.0001726427096813976
0.1566833089084153,-0.27710826371223746,0.1529272225817002,-0.032333697427135044,0.0001705946330018901
0.15477487414784472,-0.2737693073819079,0.15112158766600364,-0.03196058483715877,0.00016857035074299698
0.15288943466081617,-0.2704699976598419,0.14933678875650355,-0.03159163365760255,0.00016656959478167366
0.15102671740254806,-0.2672098733336564,0.14757259346443682,-0.031226799929694887,0.00016459209987525203
0.14918645250461207,-0.2639884783982121,0.14582877185586293,-0.030866040115773326,0.0001626376036335704
0.14736837323907107,-0.2608053619995069,0.14410509642814773,-0.03050931109603892,0.00016070584648957692
0.14557221598300335,-0.25766007837909305,0.14240134208662827,-0.03015657016535832,0.0001587965716729929
0.1437977201834099,-0.25455218681909536,0.14071728612145656,-0.029807775030021275,0.00015690952518025367
0.1420446283224999,-0.2514812515877179,0.1390527081846238,-0.029462883804574083,0.00015504445574981637
0.14031268588335202,-0.2484468418853614,0.13740739026716212,-0.029121855008589718,0.00015320111483173304
0.13860164131594646,-0.2454485317912273,0.1357811166765262,-0.028784647563505357,0.0001513792565630244
0.13691124600356477,-0.24248590021047492,0.1341736740141517,-0.028451220789450823,0.00014957863774000407
0.13524125422955371,-0.23955853082192827,0.1325848511531908,-0.02812153440206605,0.00014779901779073124
0.1335914231444492,-0.23666601202627507,0.13101443921642542,-0.027795548509366334,0.0001460401587501936
0.13196151273345694,-0.23380793689480728,0.1294622315543555,-0.02747322360859684,0.0001443018252331972
0.13035128578428623,-0.23098390311868058,0.12792802372346293,-0.027154520583095882,0.00014258378440830735
0.12876050785533305,-0.2281935129586743,0.12641161346465066,-0.026839400699183304,0.00014088580597269515
0.12718894724420926,-0.2254363731954701,0.12491280068185565,-0.026527825603048505,0.00013920766212610972
0.12563637495661423,-0.22271209508041964,0.12343138742083541,-0.02621975731766702,0.00013754912754629367
0.12410256467554533,-0.22002029428683134,0.12196717784812694,-0.025915158239707404,0.00013590997936297616
0.12258729273084433,-0.21736059086174128,0.12051997823017828,-0.02561399113646232,0.00013428999713352083
0.12109033806907546,-0.21473260917815962,0.11908959691265146,-0.02531621914280915,0.0001326889628190074
0.11961148222373272,-0.21213597788783847,0.11767584429989522,-0.025021805758144593,0.00013110666075815194
0.11815050928577227,-0.2095703298744841,0.11627853283458883,-0.02473071484337391,0.0001295428776448733
0.11670720587446715,-0.20703530220747238,0.11489747697755416,-0.02444291061788518,0.00012799740250309458
0.11528136110858067,-0.20453053609602106,0.11353249318773664,-0.024158357656555537,0.00012647002666375112
0.11387276657785558,-0.20205567684384212,0.11218339990235338,-0.02387702088675913,0.00012496054374071253
0.11248121631481525,-0.1996103738042532,0.11085001751720841,-0.023598865585395538,0.00012346874960770388
0.11110650676687438,-0.1971942803357545,0.10953216836717397,-0.023323857375926776,0.00012199444237492515
0.1097484367687553,-0.19480705375804253,0.10822967670683706,-0.02305196222545097,0.00012053742236706536
0.10840680751520744,-0.19244835530851231,0.10694236869130953,-0.02278314644175047,0.0001190974920988637
0.1070814225340262,-0.19011785009917403,0.10567007235720303,-0.022517376670392268,0.00011767445625418885
0.10577208765936871,-0.18781520707403052,0.10441261760376581,-0.02225461989182463,0.0001162681216629255
0.10447861100536297,-0.1855400989668841,0.10316983617418173,-0.02199484341850102,0.00011487829727938048
0.10320080294000765,-0.18329220225959603,0.1019415616370298,-0.021738014892001025,0.00011350479415959264
0.1019384760593593,-0.18107119714076128,0.10072762936790462,-0.02148410228018496,0.0001121474254404016
0.10069144516200428,-0.17887676746481704,0.09952787653119556,-0.021233073874357904,0.00011080600631767704
0.09945952722381221,-0.17670860071157773,0.09834214206202438,-0.02098489828644686,0.00010948035402489481
0.0982425413729681,-0.1745663879461906,0.09717026664834061,-0.020739544446193105,0.00010817028781199417
0.09704030886528035,-0.17244982377949578,0.09601209271317351,-0.020496981598373647,0.00010687562892501903
0.09585265305976158,-0.17035860632881897,0.09486746439703933,-0.020257179300016588,0.00010559620058444436
0.09467939939447971,-0.16829243717915726,0.09373622754050402,-0.020020107417649355,0.00010433182796535517
0.09352037536267611,-0.16625102134476963,0.09261822966689967,-0.019785736124563497,0.00010308233817711565
0.09237541048914855,-0.16423406723118011,0.09151331996519357,-0.01955403589808283,0.00010184756024265995
0.09124433630689553,-0.16224128659756445,0.09042134927301,-0.019324977516863226,0.00010062732507917435
0.09012698633401987,-0.16027239451954012,0.08934217005980268,-0.019098532058197972,9.942146547785302e-05
0.08902319605088849,-0.1583271093523427,0.08827563641017769,-0.018874670895343382,9.822981608445872e-05
0.08793280287754578,-0.1564051526943849,0.08722160400736585,-0.01865336569486513,9.705221338008815e-05
0.08685564615137797,-0.15450624935120505,0.08617993011684323,-0.018434588413993154,9.58884956615974e-05
0.08579156710502578,-0.1526301272997853,0.08515047357009929,-0.01821831129800378,9.473850302300219e-05
0.08474040884454276,-0.15077651765325828,0.08413309474855139,-0.01800450687760383,9.360207733597956e-05
0.08370201632779675,-0.14894515462596716,0.08312765556760521,-0.017793147966351744,9.247906223204191e-05
0.08267623634311198,-0.1471357754989147,0.08213401946085926,-0.017584207658072788,9.136930308305258e-05
0.08166291748814909,-0.1453481205855588,0.08115205136445376,-0.01737765932431103,9.027264698373977e-05
0.08066191014902066,-0.1435819331979797,0.08018161770156176,-0.017173476611786403,8.918894273303099e-05
0.07967306647963986,-0.14183695961340034,0.07922258636702231,-0.01697163343987447,8.811804081631028e-05
0.07869624038129962,-0.14011294904106544,0.07827482671211433,-0.01677210399809736,8.705979338735625e-05
0.07773128748247987,-0.13840965358946264,0.07733820952947057,-0.01657486274364216,8.601405425114408e-05
0.07677806511888062,-0.13672682823390622,0.07641260703813031,-0.01637988439887921,8.498067884564128e-05
0.07583643231367809,-0.13506423078444385,0.07549789286873039,-0.01618714394892082,8.395952422549785e-05
0.07490624975800218,-0.13342162185412754,0.07459394204883284,-0.015996616639171294,8.295044904381085e-05
0.07398737979163215,-0.13179876482759992,0.07370063098838912,-0.01580827797291837,8.195331353618926e-05
0.0730796863839088,-0.1301954258300349,0.07281783746533896,-0.015622103708919343,8.096797950299037e-05
0.07218303511486057,-0.12861137369639186,0.07194544061134399,-0.01543806985902378,7.99943102935078e-05
0.07129729315654129,-0.12704637994100917,0.07108332089765414,-0.015256152685799988,7.903217078891918e-05
0.07042232925457746,-0.12550021872751627,0.07023136012110649,-0.015076328700185652,7.808142738626594e-05
0.0695580137099226,-0.12397266683907221,0.0693894413902555,-0.014898574659149554,7.714194798203594e-05
0.06870421836081668,-0.12246350364891855,0.06855744911163363,-0.01472286756337456,7.62136019563358e-05
0.06786081656494834,-0.12097251109124403,0.06773526897614143,-0.014549184654961305,7.529626015720034e-05
0.06702768318181766,-0.1194994736323711,0.06692278794556594,-0.014377503415138144,7.438979488443888e-05
0.06620469455529755,-0.11804417824224527,0.06611989423922682,-0.01420780156199443,7.349407987436614e-05
0.0653917284963913,-0.11660641436622506,0.06532647732074919,-0.014040057048236833,7.260899028467549e-05
0.06458866426618452,-0.11518597389718759,0.06454242788496171,-0.013874248058948366,7.173440267859571e-05
0.06379538255898921,-0.11378265114792373,0.06376763784491982,-0.013710353009375575,7.087019501028635e-05
0.06301176548567786,-0.11239624282383391,0.0630020003190525,-0.013548350542728523,7.00162466097283e-05
0.062237696557205596,-0.11102654799591806,0.062245409618431995,-0.013388219527997212,6.91724381679179e-05
0.06147306066831848,-0.1096733680740547,0.0614977612341654,-0.013229939057786997,6.83386517223196e-05
0.06071774408144567,-0.10833650678057194,0.06075895182490711,-0.013073488446166395,6.751477064218317e-05
0.05997163441077363,-0.10701577012409842,0.06002887920449151,-0.012918847226537572,6.670067961444572e-05
0.05923462060650056,-0.1057109663737045,0.05930744232968455,-0.012765995149514662,6.589626462914604e-05
0.058506592939268715,-0.10442190603331054,0.058594541288053845,-0.012614912180832586,6.510141296594933e-05
0.057787442984773126,-0.10314840181638861,0.05789007728595547,-0.012465578499253966,6.43160131794298e-05
0.0570770636085445,-0.10189026862092253,0.057193952636637756,-0.012317974494509821,6.353995508602203e-05
0.0563753489509045,-0.10064732350464903,0.05650607074845997,-0.012172080765245822,6.277312974990387e-05
0.055682194412091726,-0.0994193856605645,0.05582633611322578,-0.012027878116988218,6.201542946962339e-05
0.05499749663755612,-0.09820627639269618,0.05515465429463022,-0.011885347560127572,6.126674776478318e-05
0.054321153503420455,-0.09700781909214082,0.05449093191681934,-0.011744470307913929,6.052697936259101e-05
0.05365306410210677,-0.09582383921335748,0.05383507665306177,-0.011605227774475266,5.979602018505066e-05
0.052993128728125984,-0.09465416425072234,0.05318699721453092,-0.011467601572847552,5.907376733579016e-05
0.05234124886402916,-0.09349862371534301,0.052546603339197216,-0.011331573513016042,5.836011908700797e-05
