0.1922651011049392,-1.0163981612717312,-0.046249792657917836,1.528304078662434,-105.25472182750346
0.18210111949222188,-0.11304504761110712,-0.030966751871293496,0.16792708745460727,92.57963040078357
0.1809706690161108,0.0737913241355935,-0.029287480996747425,-0.11674449231578227,19.129369051342536
0.18170858225746672,-0.054088362709962146,-0.030454925919905246,0.07068813234875587,-13.129984374354308
0.1811676986303671,-0.08432619811583275,-0.029748044596417687,0.11154767074172653,-3.1219513309686846
0.18032443664920877,-0.07035596008249576,-0.028632567889000423,0.08622926757783152,1.4102086821180535
0.17962087704838384,-0.06776973287739993,-0.027770275213222107,0.07814310445132065,0.2440813922704308
0.17894317971960982,-0.07125927688281751,-0.0269888441687089,0.07929369648589486,-0.3780906209339605
0.17823058695078164,-0.07335963822456196,-0.02619590720384995,0.07847621267002504,-0.23511719455343894
0.17749699056853604,-0.07456819079674935,-0.025411145077149703,0.07643806160442691,-0.14311997641709695
0.17675130866056854,-0.07587231286674541,-0.024646764461105433,0.07465857683644332,-0.15234055625967358
0.17599258553190109,-0.07723462693041763,-0.023900178692741,0.0730787197238446,-0.15774456518812485
0.17522023926259692,-0.07852790212486752,-0.023169391495502557,0.07150508668694704,-0.150119808123236
0.17443496024134825,-0.07975509844875359,-0.022454340628633086,0.0699397912748874,-0.1428100493754414
0.1736374092568607,-0.08093393932540918,-0.021754942715884212,0.06840709612760973,-0.1373285489049465
0.1728280698636066,-0.08206577434635377,-0.021070871754608114,0.06690672259068017,-0.1319968550811268
0.17200741212014306,-0.0831496468771363,-0.02040180452870131,0.06543498153202977,-0.12657833432582777
0.17117591565137172,-0.08418660797696328,-0.01974745471338101,0.06399124226135836,-0.12127854759947354
0.1703340495716021,-0.08517802393462102,-0.01910754229076743,0.06257538906836303,-0.11612959812075019
0.16948226933225585,-0.08612498970033836,-0.0184817884000838,0.06118694061851738,-0.11110346849393693
0.16862101943525248,-0.08702853048356803,-0.017869918993898625,0.05982535209841501,-0.10619280662470487
0.1677507341304168,-0.08788968080855808,-0.017271665472914473,0.05849013305970013,-0.10139836730192542
0.1668718373223312,-0.08870946128239558,-0.016686764142317474,0.05718081176860556,-0.0967185278872762
0.16598474270950725,-0.08948886856693725,-0.016114956024631418,0.05589691943707704,-0.09215064137117679
0.16508985402383788,-0.09022887848516928,-0.015555986830260648,0.05463799418029752,-0.08769238255334244
0.1641875652389862,-0.09093044774537722,-0.015009606888457672,0.053403582906273374,-0.0833416063452006
0.16327826076153243,-0.09159451398592701,-0.014475571059394938,0.0521932406973785,-0.07909617558135551
0.16236231562167316,-0.09222199595056117,-0.013953638652421153,0.051006530401037115,-0.07495397433655171
0.16144009566216755,-0.0928137938689388,-0.013443573348410781,0.04984302254069905,-0.07091292890667944
0.16051195772347815,-0.09337078981857835,-0.01294514312300379,0.048702295210759104,-0.06697100584840143
0.1595782498252924,-0.0938938480544512,-0.0124581201708962,0.04758393393463437,-0.06312620860971663
0.15863931134474787,-0.09438381533384053,-0.011982280831549856,0.046487531527235296,-0.05937657699168142
0.15769547319140947,-0.09484152123883181,-0.011517405516277503,0.045412687965146116,-0.055720186853562836
0.15674705797902114,-0.09526777849315798,-0.011063278636626041,0.044359010259375005,-0.052155149483013474
0.15579438019408956,-0.09566338327314881,-0.010619688534032291,0.04332611233008495,-0.048679610941363194
0.15483774636135808,-0.0960291155132921,-0.010186427410731442,0.04231361488385974,-0.04529175146177522
0.15387745520622514,-0.09636573920652805,-0.009763291261892845,0.04132114529348377,-0.04198978486064675
0.15291379781415987,-0.09667400269932634,-0.009350079808958007,0.04034833748011172,-0.038771957954878644
0.1519470577871666,-0.09695463898161975,-0.00894659643415689,0.03939483179774537,-0.03563654998748689
0.1509775113973504,-0.09720836597169401,-0.008552648116179437,0.03846027491997841,-0.03258187206421326
0.15000542773763348,-0.09743588679610334,-0.008168045366979654,0.03754431972892899,-0.0296062665980088
0.14903106886967243,-0.09763789006470026,-0.007792602169690364,0.03664662520631262,-0.02670810676332991
0.14805468996902543,-0.09781505014087122,-0.0074261359176272385,0.03576685632661687,-0.023885795960566725
0.14707653946761673,-0.09796802740702866,-0.00706846735436107,0.03490468395228189,-0.02113776728638328
0.14609685919354645,-0.09809746852548033,-0.006719420514838251,0.03405978473089944,-0.018462483017131603
0.14511588450829166,-0.09820400669470344,-0.006378822667529257,0.03323184099430777,-0.015858434095818552
0.1441338444413446,-0.09828826190114474,-0.006046504257586179,0.032420540659602815,-0.013324139632153731
0.14315096182233317,-0.09835084116659125,-0.005722298850990151,0.0316255771319757,-0.01085814640786964
0.14216745341066725,-0.0983923387911991,-0.0054060430796703945,0.030846649209353694,-0.008459028391676782
0.14118353002275524,-0.09841333659224705,-0.005097576587576857,0.03008346098879362,-0.006125386261686572
0.1401993966568328,-0.09841440413869072,-0.004796741977688921,0.029335721774594557,-0.0038558469362897085
0.13921525261544587,-0.09839609898158264,-0.004503384759942976,0.028603145988082782,-0.0016490631123318167
0.13823129162563005,-0.09835896688043332,-0.004217353300062148,0.027885453079040518,0.0004962871883620323
0.13724770195682573,-0.09830354202557197,-0.003938498769271743,0.027182367438727675,0.002581501065854752
0.13626466653657,-0.09823034725658783,-0.003666675094884466,0.026493618314482603,0.004607851180033151
0.1352823630640041,-0.09813989427690048,-0.00340173891173964,0.02581893972584106,0.00657658618301582
0.1343009641212351,-0.09803268386454125,-0.0031435495144812296,0.02515807038216659,0.00848893114253002
0.1333206372825897,-0.09790920607919677,-0.0028919688106595638,0.024510753601740865,0.010346087959497652
0.13234154522179772,-0.09776994046558812,-0.002646861274642155,0.023876737232299217,0.012149235777499712
0.13136384581714183,-0.09761535625323028,-0.0024080939023191626,0.0232557735729553,0.013899531387124853
0.13038769225460956,-0.09744591255265882,-0.0021755361665896098,0.02264761929752531,0.015598109620825085
0.12941323312908296,-0.09726205854815641,-0.0019490599736143566,0.022052035379182267,0.017246083743906127
0.1284406125436014,-0.09706423368706144,-0.0017285396198225339,0.021468787016448106,0.018844545836543602
0.1274699702067308,-0.09685286786569489,-0.0015138517496580527,0.020897643560464214,0.020394567171564404
0.12650144152807385,-0.09662838161198384,-0.0013048753140534105,0.02033837844354657,0.021897198583673116
0.125535157711954,-0.09639118626481896,-0.0011014915296179448,0.019790769108972033,0.023353470834351242
0.12457124584930582,-0.09614168415022033,-0.0009035838385282244,0.01925459694200017,0.024764394968617154
0.12360982900780361,-0.09588026875434111,-0.0007110378691082228,0.01872964720206954,0.02613096266827597
0.1226510263202602,-0.09560732489339237,-0.0005237413970875273,0.018215708956190003,0.02745414659614198
0.12169495307132629,-0.09532322888051353,-0.0003415843075256273,0.017712575013466396,0.028734900737269697
0.12074172078252116,-0.09502834868966306,-0.0001644585573909633,0.017220041860765818,0.02997416073207404
0.11979143729562453,-0.09472304411656071,7.741861216694875e-06,0.016737909599477886,0.03117284420576283
0.11884420685445891,-0.09440766693675028,0.00017512095721147373,0.016265981883375247,0.03233185109025882
0.1179001301850914,-0.09408256106081628,0.0003377807760452262,0.01580406585753037,0.0334520639422351
0.11695930457448324,-0.09374806268681128,0.0004958214346205299,0.015351972098280958,0.03453434825490831
0.11602182394761512,-0.09340450044994439,0.0006493411556033395,0.0149095145542292,0.03557955276419733
0.11508777894311567,-0.0930521955695647,0.0007984363011456315,0.014476510488235901,0.03658850975101302
0.11415725698742002,-0.09269146199350457,0.0009432014060279905,0.014052780420419403,0.03756203533646385
0.11323034236748497,-0.09232260653981089,0.0010837292102321846,0.013638148072115403,0.03850092977375752
0.11230711630208687,-0.091945929035921,0.0012201106909533385,0.013232440310797938,0.03940597773389953
0.11138765701172766,-0.09156172245531827,0.001352435094061318,0.01283548709593119,0.040277948587384316
0.11047203978717447,-0.09117027305172115,0.0014807899650206297,0.012447121425750888,0.04111759667999948
0.10956033705665726,-0.09077186049083533,0.0016052611792781385,0.012067179284939972,0.0419256616051733
0.10865261845174891,-0.09036675797972188,0.0017259329721275383,0.011695499593198728,0.042702868470545496
0.10774895087195169,-0.08995523239381889,0.0018428879680595256,0.01133192415468836,0.04344992816030668
0.1068493985480135,-0.08953754440165158,0.0019562072096064092,0.010976297608324519,0.04416753759357661
0.10595402310399697,-0.08911394858728086,0.0020659701856896545,0.010628467378920845,0.044856379977307625
0.10506288361812416,-0.08868469357052129,0.002172254859478863,0.010288283629155673,0.04551712505564609
0.10417603668241894,-0.08825002212497071,0.0022751376957704196,0.009955599212352999,0.04615042935461844
0.10329353646116923,-0.08781017129388734,0.0023746936878939495,0.009630269626060648,0.046756936422791995
0.10241543474823037,-0.0873653725039556,0.002470996384154556,0.009312152966417799,0.04733727706736701
0.10154178102319081,-0.08691585167697,0.0025641179138187337,0.009001109883287253,0.04789206958693626
0.1006726225064211,-0.08646182933948382,0.002654129012651606,0.00869700353615543,0.04842191999911094
0.09980800421302627,-0.08600352073044469,0.0027410990480131606,0.008399699550767085,0.04892742226555846
0.09894796900572182,-0.08554113590686357,0.0028250960435208315,0.008109065976499288,0.049409158511965146
0.09809255764665319,-0.08507487984754833,0.0029061867032858244,0.00782497324445783,0.049867699244472874
0.09724180884817771,-0.08460495255492642,0.0029844364357304027,0.0075472941262699,0.05030360356329844
0.09639575932262845,-0.08413154915500669,0.0030599093769931016,0.007275903693586247,0.05071741937093144
0.09555444383107838,-0.08365485999549734,0.003132668413928964,0.007010679278257865,0.05110968357827339
0.09471789523112341,-0.08317507074212246,0.0032027752067115426,0.006751500433191199,0.05148092230613699
0.09388614452370218,-0.08269236247315813,0.0032702902110434548,0.006498248893854444,0.051831651084322417
0.0930592208989706,-0.08220691177223632,0.0033352726999819992,0.006250808540450246,0.05216237504542853
0.09223715178124824,-0.08171889081942423,0.003397780785386502,0.006009065360708948,0.05247358911764444
0.091419962873054,-0.08122846748062973,0.0034578714389935914,0.0057729074133233945,0.05276577821202899
0.09060767819824771,-0.080735805395347,0.0035156005131268256,0.005542224791991009,0.05303941740812057
0.08980032014429423,-0.0802410640627858,0.0035710227610467357,0.005316909590075223,0.05329497213478085
0.08899790950366637,-0.07974439892639758,0.003624191856947488,0.005096855865852588,0.053532898349462954
0.0882004655144024,-0.07924596145683416,0.003675160415606014,0.0048819596083476075,0.05375364271353256
0.08740800589983407,-0.07874589923337372,0.00372398001168949,0.0046721187037560554,0.053957642763790226
0.08662054690750033,-0.07824435602382505,0.0037707011987270504,0.004467232902423119,0.05414532708261355
0.08583810334726208,-0.0777414718629475,0.0038153735277512814,0.004267203786383069,0.054317115464022514
0.0850606886286326,-0.07723738312941313,0.003858045565615112,0.0040719347374518116,0.054473419076777496
0.08428831479733846,-0.07673222262132938,0.0038987649129896304,0.0038813309058518407,0.05461464062538024
0.08352099257112516,-0.07622611963035912,0.003937578222048149,0.0036952991793782614,0.05474117450704341
0.08275873137482158,-0.07571920001444597,0.003974531213841931,0.003513748153071412,0.054853406967636964
0.08200153937467712,-0.07521158626918913,0.004009668695372645,0.0033365880994172445,0.05495171625286588
0.08124942351198523,-0.0747033975978762,0.004043034576366817,0.0031637309390436046,0.0550364727583581
0.08050238953600647,-0.07419474998020295,0.004074671885757253,0.0029950902119119166,0.05510803917657636
0.07976044203620444,-0.07368575623970808,0.004104622787876372,0.0028305810490034736,0.05516677064062758
0.07902358447380736,-0.07317652610993794,0.004132928598366407,0.0026701201444804396,0.05521301486632879
0.07829181921270799,-0.07266716629936494,0.004159629799811211,0.0025136257283153614,0.055247112291646694
0.07756514754971434,-0.07215778055508978,0.004184766057094364,0.002361017539393762,0.055269396212826116
0.07684356974416345,-0.07164846972533534,0.004208376232488302,0.002212216799061042,0.055280192919536564
0.0761270850469101,-0.0711393318207705,0.004230498400478912,0.002067146185132001,0.0552798218258701
0.0754156917287024,-0.0706304620746658,0.004251169862330232,0.0019257298063265487,0.055268595600979076
0.07470938710795574,-0.07012195300191865,0.004270427160393498,0.0017878931771500928,0.05524682029565131
0.07400816757793655,-0.06961389445695776,0.004288306092164999,0.0016535631931960382,0.05521479546767338
0.07331202863336697,-0.06910637369054974,0.00430484172409696,0.0015226681068670005,0.05517281430472032
0.07262096489646147,-0.0685994754055283,0.00432006840516563,0.0013951375035100087,0.05512116374490805
0.07193497014240618,-0.06809328181146647,0.00433401978020073,0.0012709022779600642,0.05506012459511522
0.07125403732429153,-0.06758787267830339,0.004346728802980331,0.0011498946114746028,0.054989971647927405
0.07057815859750849,-0.06708332538895433,0.004358227749095077,0.0010320479490672605,0.05491097379548027
0.06990732534361896,-0.06657971499091812,0.004368548228585749,0.0009172969772284702,0.0548233941416707
0.06924152819370977,-0.06607711424689283,0.004377721198358034,0.000805577602015577,0.05472749011310918
0.06858075705124084,-0.06557559368443223,0.00438577697437819,0.0006968269275289923,0.05462351356654338
0.0679250011143965,-0.06507522164464345,0.00439274524365348,0.0005909832347423021,0.054511710896114174
0.06727424889795008,-0.06457606432996015,0.004398655076000903,0.0004879859607065637,0.054392323136910004
0.06662848825465048,-0.06407818585098918,0.0044035349356079685,0.0003877756780945779,0.05426558606857901
0.0659877063961406,-0.06358164827246654,0.004407412692388914,0.00029029407510804134,0.05413173031513541
0.06535188991341592,-0.0630865116583219,0.004410315633139994,0.00019548393571684975,0.0539909814446623
0.0647210247968327,-0.06259283411587963,0.004412270472497162,0.00010328912024267008,0.053843560066021645
0.0640950964556739,-0.062100671839202946,0.004413303363699589,1.365454626764966e-05,0.05368968192474288
0.06347408973728189,-0.061610079151607405,0.004413439909162265,-7.34738301207955e-05,0.0535295579960718
0.0628579889457658,-0.06112110854734414,0.004412705170861057,-0.00015814903277653963,0.05336339457783704
0.06224677786029237,-0.06063381073248252,0.004411123680533292,-0.00024042308361589277,0.05319139338015039
0.06164043975296754,-0.060148234664995304,0.004408719449697133,-0.00032034702043561345,0.05301375161464239
0.061038957406317595,-0.0596644275940697,0.004405515979492777,-0.00039797091441938915,0.052830662081171376
0.0604423131303769,-0.059182435098649185,0.004401536270348583,-0.0004733438873517114,0.05264231325390634
0.05985048877939042,-0.058702301125227924,0.004396802831475066,-0.000546514128532003,0.05244888936503522
0.05926346576813815,-0.05822406802490732,0.004391337690189746,-0.0006175289114001495,0.0522505704873808
0.05868122508788909,-0.05774777658973091,0.004385162401075744,-0.0006864346098738023,0.052047532615218994
0.05810374732199178,-0.057273466088302555,0.0043782980549770065,-0.0007532767144145379,0.051839947744473314
0.057531012661108744,-0.05680117430071456,0.004370765287832861,-0.0008180998478069528,0.051627983950061074
0.05696300091810161,-0.05633093755278633,0.004362584289354792,-0.0008809477806733619,0.051411805463057236
0.05639969154257374,-0.0558627907496303,0.004353774811548058,-0.0009418634467220977,0.05119157274602126
0.05584106363507743,-0.05539676740856105,0.004344356177080838,-0.0010008889577285225,0.05096744256659136
0.05528709596099182,-0.05493289969135008,0.004334347287503553,-0.001058065618267316,0.05073956807070412
0.05473776696407831,-0.05447121843585161,0.00432376663132088,-0.0011134339401799671,0.05050809885310148
0.05419305477971981,-0.05401175318699661,0.00431263229191908,-0.001167033656803431,0.05027318102802414
0.053652937247849836,-0.05355453222717687,0.004300961955351046,-0.0012189037369484898,0.05003495729756269
0.05311739192557807,-0.05309958260602721,0.004288772917981561,-0.001269082398636436,0.049793567019064344
0.05258639609951779,-0.05264693016961285,0.004276082093995197,-0.001317607122604225,0.049549146271726574
0.05205992679782165,-0.05219659958904139,0.004262906022769154,-0.0013645146655691454,0.04930182792109861
0.05153796080193124,-0.05174861438849941,0.0042492608761134625,-0.0014098410732725558,0.04905174168346349
0.05102047465804624,-0.051302996972733765,0.004235162465380737,-0.001453621693292552,0.04879901418809762
0.050507444688318914,-0.05085976865398351,0.004220626248447812,-0.0014958911876353249,0.04854376903879176
0.04999884700177909,-0.050418949678368116,0.004205667336571459,-0.0015366835451159123,0.048286126874722335
0.049494657504995404,-0.04998055925175284,0.0041903005011203,-0.0015760320935153311,0.04802620542907654
0.04899485191247788,-0.049544615565090544,0.004174540180185146,-0.0016139695115335545,0.047764119587673015
0.048499405756826985,-0.04911113581925425,0.004158400485069811,-0.0016505278405344942,0.047499981446009976
0.04800829439863444,-0.04868013624936945,0.004141895206664466,-0.0016857384960873255,0.04723390036532127
0.047521493036140755,-0.04825163214865764,0.004125037821703593,-0.0017196322793039942,0.04696598302735566
0.04703897671465418,-0.047825637891791485,0.004107841498910553,-0.001752239387989356,0.046696333489036235
0.04656072033573627,-0.047402166957783744,0.004090319105030659,-0.001783589427587401,0.04642505323476698
0.04608669866615844,-0.04698123195240593,0.004072483210754785,-0.0018137114219459597,0.046152241229068025
0.04561688634663438,-0.046562844630155004,0.004054346096535325,-0.0018426338238886212,0.04587799396726089
0.045151257900332836,-0.046147015915770515,0.004035919758296439,-0.001870384525605924,0.04560240552581751
0.04468978774117513,-0.045733755925312154,0.0040172159130403805,-0.001896990868866545,0.045325567611619544
0.04423245018192201,-0.04532307398680787,0.003998246004351715,-0.001922479655048475,0.04504756961009626
0.04377921944205393,-0.04491497866047817,0.00397902120780123,-0.0019468771549967148,0.04476849863270882
0.04333006965544914,-0.04450947775854388,0.003959552436251263,-0.0019702091187114522,0.04448843956362358
0.04288497487786369,-0.04410657836462914,0.003939850345064149,-0.00199250078486336,0.04420747510509315
0.042443909094217386,-0.04370628685276232,0.003919925337215515,-0.0020137768901464263,0.04392568582250478
0.04200684622568976,-0.04330860890598524,0.0038997875683140512,-0.0020340616784666303,0.04364315018828746
0.04157376013662992,-0.04291354953457735,0.0038794469515293847,-0.002053378909970088,0.043359944625058766
0.041144624641284155,-0.04252111309390188,0.0038589131624296837,-0.002071751869914057,0.0430761435480127
0.04071941351034514,-0.0421313033018822,0.0038381956437305432,-0.002089203377381212,0.04279181940636212
0.04029810047732632,-0.04174412325611163,0.003817303609956731,-0.0021057557938457955,0.04250704272441341
0.03988065924476519,-0.04135957545060929,0.003796246052018273,-0.0021214310315852886,0.04222188214126721
0.03946706349025911,-0.04097766179222428,0.0037750317417024203,-0.00213625056194687,0.041936404450228615
0.039057286872336866,-0.040598383616693906,0.0037536692360829516,-0.0021502354234725187,0.04165067463757488
0.038651303036169926,-0.040221741704370914,0.0037321668818482263,-0.0021634062298723123,0.04136475591971722
0.03824908561912621,-0.03984773629561138,0.0037105328195495032,-0.0021757831778705388,0.041078709781169565
0.03785060825617009,-0.03947636710584422,0.003688774987770798,-0.002187386054904778,0.040792596010301274
0.03745584458511164,-0.03910763334032059,0.0036669011272217502,-0.0021982342466922004,0.04050647273521779
0.03706476825170843,-0.03874153370854741,0.0036449187847548284,-0.002208346744667921,0.040220396459142105
0.03667735291462296,-0.0383780664384207,0.0036228353173081494,-0.0022177421532831518,0.03993442209414244
0.03629357225023874,-0.038017229290051316,0.003600657895775318,-0.0022264386971850366,0.03964860299555406
0.03591339995733822,-0.03765901956930068,0.0035783935088034673,-0.002234454228262647,0.039362990994553204
0.03553680976164522,-0.0373034341410222,0.003556048966520841,-0.002241806232576071,0.03907763643111428
0.035163775420234994,-0.036950469442024875,0.00353363090419508,-0.0022485118371542135,0.038792588185224464
0.03479427072581476,-0.036600121493751754,0.003511145785823538,-0.002254587816682587,0.038507893708805696
0.03442826951087724,-0.036252385914689364,0.003488599907656712,-0.0022600506000667263,0.03822359905592165
0.034065745651730345,-0.035907257932507534,0.003465999401656045,-0.002264916276882135,0.03793974891300955
0.03370667307240527,-0.035564732395936334,0.0034433502388872233,-0.0022692006037101464,0.037656386628361904
0.033351025748445895,-0.035224803786384276,0.003420658232850122,-0.0022729190103631097,0.03737355424114597
0.032998777710582045,-0.034887466229306184,0.003397929042746491,-0.002276086605995469,0.03709129250950571
0.03264990304828899,-0.03455271350531856,0.003375168176686536,-0.0022787181851133,0.036809640938851196
0.03230437591323582,-0.03422053906107625,0.003352380994835403,-0.0022808282334703944,0.036528637808675324
0.031962170522625066,-0.03389093601990662,0.0033295727125006993,-0.002282430933865641,0.036248320199730344
0.031623261162426,-0.033563897192211783,0.003306748403162043,-0.0022835401718343186,0.03596872402006435
0.03128762219050388,-0.03323941508563932,0.0032839130014436996,-0.0022841695412413273,0.035689884030980945
0.03095522803964748,-0.03291748191503074,0.003261071306031286,-0.0022843323497708334,0.03541183387200819
0.030626053220497162,-0.03259808961214475,0.0032382279825335777,-0.0022840416243248432,0.03513460608611929
0.030300072324375704,-0.032281229835170185,0.0032153875662903294,-0.0022833101163166414,0.03485823214340078
0.029977260026023994,-0.03196689397801796,0.003192554465127163,-0.0022821503068829077,0.03458274246576565
0.0296575910862438,-0.03165507317941371,0.0031697329620583342,-0.0022805744119897553,0.034308166449404265
0.029341040354449677,-0.03134575833178039,0.0031469272179384367,-0.0022785943874565834,0.03403453248830601
0.029027582771131877,-0.031038940089920957,0.003124141274063871,-0.0022762219338898996,0.03376186799669423
0.02871719337023268,-0.030734608879509955,0.003101379054724972,-0.0022734685015214184,0.033490199430530776
0.028409847281437584,-0.03043275490538309,0.0030786443697097578,-0.0022703452949739272,0.03321955231009355
0.02810551973238376,-0.03013336815964848,0.0030559409167600186,-0.0022668632779266284,0.03294995124009947
0.027804186050787272,-0.029836438429605153,0.003033272283980752,-0.0022630331777084923,0.03268141993126328
0.02750582166649121,-0.02954195530548381,0.003010641952203667,-0.002258865489804043,0.032413981220289045
0.027210402113436366,-0.029249908188007708,0.002988053297305627,-0.002254370482281478,0.03214765709004297
0.02691790303155628,-0.028960286295781932,0.002965509592482812,-0.0022495582001373954,0.03188246868884903
0.026628300168598462,-0.02867307867250798,0.0029430140104814376,-0.002244438469569234,0.031618436350066226
0.026341569381873375,-0.028388274194033374,0.0029205696257857453,-0.0022390209021672302,0.031355579610637285
0.026057686639933048,-0.028105861575237215,0.002898179416764073,-0.0022333148990308026,0.031093917229512158
0.02577662802418068,-0.027825829376751182,0.002875846267773765,-0.002227329654816296,0.0308334672060937
0.025498369730413167,-0.027548166011527896,0.002853572971225602,-0.0022210741617042402,0.030574246797429705
0.025222888070297877,-0.02727285975124991,0.0028313622296085596,-0.0022145572133021652,0.030316272536064837
0.024950159472785366,-0.026999898732589636,0.002809216657475538,-0.002207787408473391,0.030059560246810335
0.024680160485459457,-0.026729270963319732,0.002787138783390804,-0.0022007731550981744,0.029804125063528808
0.02441286777582627,-0.026460964328277777,0.002765131051839822,-0.0021935226737671565,0.02954998144550247
0.024148258132543482,-0.026194966595188798,0.0027431958251021506,-0.0021860440014072726,0.029297143193407038
0.023886308466591594,-0.02593126542034756,0.002721335385088078,-0.002178344994842684,0.02904562346506223
0.023626995812388113,-0.02566984835416186,0.002699551935139651,-0.0021704333342942254,0.028795434791029972
0.02337029732884649,-0.0254107028465651,0.002677847601796709,-0.002162316526810144,0.028546589089335495
0.02311619030038084,-0.025153816252294077,0.0026562244365286075,-0.0021540019096393994,0.028299097680580587
0.022864652137857905,-0.024899175836038987,0.0026346844174322133,-0.0021454966535420996,0.028052971302316987
0.022615660379497526,-0.02464676877746726,0.0026132294508967925,-0.002136807766039547,0.02780822012322437
0.022369192691722856,-0.024396582176122294,0.002591861373236397,-0.0021279420946071826,0.027564853757156893
0.02212522686996163,-0.024148603056202284,0.0025705819522903253,-0.0021189063298074524,0.027322881276635513
0.021883740839399618,-0.02390281837121878,0.0025493928889922506,-0.0021097070083677554,0.027082311226348743
0.02164471265568743,-0.023659215008539552,0.002528295818908573,-0.002100350516201325,0.026843151636168905
0.021408120505602035,-0.02341777979381793,0.00250729231374656,-0.002090843091372176,0.026605410033913923
0.021173942707663845,-0.02317849949530803,0.002486383882832838,-0.0020811908270095985,0.026369093458157966
0.02094215771271077,-0.02294136082807273,0.0024655719745627423,-0.002071399674166102,0.026134208470305786
0.020712744104430053,-0.022706350458083533,0.0024448579778210814,-0.0020614754446245374,0.025900761166744335
0.020485680599849204,-0.02247345500621551,0.002424243223374836,-0.002051423813653708,0.025668757190639102
0.020260946049787038,-0.022242661052139,0.002403728985238299,-0.0020412503227141077,0.025438201743539945
0.020038519439265656,-0.022013955138108932,0.002383316482011158,-0.0020309603821165537,0.02520909959687856
0.01981837988788457,-0.02178732377265988,0.0023630068781899925,-0.002020559273625523,0.02498145510261507
0.019600506650157973,-0.021562753434200135,0.0023428012854537373,-0.002010052153021169,0.024755272204552536
0.01938487911581596,-0.021340230574512148,0.0023227007639235256,-0.001999444052612778,0.02453055444887653
0.019171476810070837,-0.02111974162216087,0.0023027063233973977,-0.001988739883705245,0.024307304994525936
0.018960279393849228,-0.020901272985810904,0.002282818924560345,-0.0019779444390207613,0.024085526623442988
0.01875126666399113,-0.020684811057455278,0.0022630394801701377,-0.0019670623950752324,0.023865221750524412
0.01854441855341657,-0.02047034221555611,0.0022433688562193852,-0.0019560983145125153,0.0236463924335224
0.01833971513126101,-0.0202578528281012,0.00222380787307426,-0.001945056648393955,0.023429040382517474
0.018137136602979997,-0.020047329255574935,0.0022043573065903205,-0.0019339417384490328,0.02321316696953657
0.01793666331042426,-0.019838757853850638,0.00218501788920583,-0.0019227578192798557,0.022998773237427717
0.017738275731885744,-0.019632124977000825,0.0021657903110130316,-0.0019115090205280298,0.02278585990907578
0.017541954482115735,-0.019427416980029928,0.0021466752208077512,-0.001900199369000365,0.022574427396137686
0.017347680312315428,-0.019224620221528255,0.0021276732271177474,-0.001888832790758453,0.022364475807888695
0.01715543411010015,-0.01902372106625579,0.0021087848992101628,-0.0018774131131622746,0.022156004959166697
0.016965196899437596,-0.018824705887646294,0.0020900107680785402,-0.0018659440668852831,0.02194901437928376
0.016776949840561134,-0.018627561070245165,0.0020713513274096874,-0.00185442928788377,0.02174350331954189
0.016590674229858687,-0.018432273012073463,0.0020528070345308498,-0.0018428723193348224,0.02153947076150997
0.01640635149973796,-0.01823882812692362,0.0020343783113375017,-0.0018312766135375358,0.02133691542472338
0.016223963218468723,-0.018047212846588855,0.002016065545202126,-0.00181964553377727,0.021135835774160228
0.01604349109000283,-0.017857413623026758,0.0019978690898643536,-0.0018079823561550751,0.020936230027658098
0.015864916953772568,-0.017669416930455737,0.0019797892663028028,-0.0017962902713869662,0.02073809616344935
0.01568822278446802,-0.017483209267392403,0.001961826363588933,-0.0017845723865636278,0.020541431926855758
0.015513390691794082,-0.017298777158624164,0.0019439806397232968,-0.0017728317268817856,0.02034623483755693
0.01534040292020783,-0.017116107157122883,0.001926252322454479,-0.0017610712373410523,0.02015250219624587
0.015169241848636605,-0.016935185845897253,0.0019086416100810683,-0.0017492937844123195,0.019960231091512792
0.014999889990177623,-0.016755999839791143,0.0018911486722369452,-0.0017375021576693035,0.019769418405972683
0.014832329991779719,-0.016578535787223462,0.0018737736506602523,-0.0017256990713923734,0.019580060822836476
0.014666544633907486,-0.016402780371869898,0.0018565166599463286,-0.0017138871661465163,0.019392154832433395
0.0145025168301888,-0.016228720314296785,0.0018393777882848635,-0.0017020690103204533,0.019205696737672806
0.014340229627045842,-0.01605634237353571,0.001822357098181659,-0.0016902471016462645,0.019020682660658927
0.014179666203310487,-0.015885633348611372,0.0018054546271651963,-0.0016784238686830494,0.01883710854801368
0.014020809869824374,-0.015716580080015308,0.0017886703884783658,-0.001666601672277908,0.01865497017694384
0.013863644069024211,-0.0155491694511324,0.0017720043717555868,-0.0016547828069960846,0.01847426316059053
0.013708152374512894,-0.01538338838961855,0.0017554565436856259,-0.0016429695025248058,0.018294982953531047
0.013554318490616696,-0.015219223868729669,0.001739026848660378,-0.001631163925052726,0.01811712485725714
0.013402126251929408,-0.015056662908607762,0.0017227152094098507,-0.0016193681786183425,0.017940684025048448
0.013251559622843329,-0.014895692577516958,0.0017065215276236673,-0.0016075843064401836,0.017765655467572028
0.013102602697068172,-0.014736299993041473,0.0016904456845592654,-0.0015958142922126977,0.017592034057238415
0.012955239697137744,-0.014578472323233956,0.0016744875416371385,-0.001584060061387187,0.017419814533735867
0.012809454973905399,-0.014422196787727744,0.0016586469410232666,-0.0015723234824193673,0.01724899150816661
0.01266523300602812,-0.014267460658802172,0.0016429237061990729,-0.0015606063680017478,0.017079559468287986
0.012522558399440109,-0.014114251262413585,0.0016273176425190554,-0.0015489104762636443,0.01691151278244485
0.01238141588681596,-0.013962555979181999,0.0016118285377564189,-0.001537237511955778,0.01674484570452739
0.012241790327024132,-0.013812362245342685,0.001596456162636861,-0.0015255891276072543,0.01657955237796571
0.012103666704570692,-0.013663657553656453,0.0015812002713607885,-0.0015139669246660543,0.016415626840357245
0.011967030129034134,-0.013516429454289021,0.0015660606021141278,-0.0015023724546091145,0.016253063027018122
0.01183186583449125,-0.013370665555648883,0.0015510368775680367,-0.0014908072200395766,0.016091854775612813
0.01169815917893477,-0.01322635352519402,0.001536128805367641,-0.0014792726757573119,0.01593199582971483
0.011565895643682822,-0.013083481090201889,0.0015213360786100678,-0.0014677702298126949,0.015773479842930538
0.011435060832780813,-0.012942036038508267,0.0015066583763119407,-0.0014563012445368134,0.015616300382442105
0.01130564047239574,-0.01280200621921087,0.0014920953638665726,-0.0014448670375558025,0.015460450932962111
0.01117762041020362,-0.012663379543345786,0.0014776466934910146,-0.0014334688827787466,0.015305924899855938
0.011050986614770164,-0.012526143984527149,0.001463312004663227,-0.0014221080113750112,0.015152715613238499
0.010925725174924905,-0.01239028757955974,0.001449090924549477,-0.0014107856127279134,0.015000816331069977
0.010801822299129321,-0.012255798429023228,0.001434983068422198,-0.0013995028353681108,0.014850220242377254
0.010679264314839093,-0.012122664697824801,0.0014209880400685168,-0.0013882607878929782,0.014700920470800849
0.010558037667860842,-0.011990874615724562,0.0014071054321895871,-0.0013770605398667902,0.014552910077687109
0.010438128921703593,-0.011860416477834,0.0013933348267909193,-0.0013659031227025809,0.014406182065140882
0.010319524756925241,-0.011731278645087589,0.0013796757955638935,-0.0013547895305269437,0.014260729379067527
0.010202211970474356,-0.011603449544688093,0.0013661279002586241,-0.001343720721028184,0.014116544912147866
0.010086177475027464,-0.01147691767052579,0.0013526906930483424,-0.00133269761628879,0.01397362150678605
0.009971408298322215,-0.01135167158357418,0.0013393637168854545,-0.0013217211035996092,0.013831951957787414
0.009857891582486483,-0.01122769991225973,0.0013261465058494585,-0.0013107920362606183,0.01369152901528059
0.009745614583363899,-0.011104991352810395,0.0013130385854868522,-0.0012999112343624224,0.01355234538715111
0.009634564669835782,-0.010983534669577761,0.001300039473143228,-0.0012890794855573116,0.013414393741991937
0.009524729323139997,-0.010863318695340147,0.0012871486782876549,-0.0012782975458100973,0.013277666711301706
0.009416096136186602,-0.010744332331580614,0.0012743657028295538,-0.0012675661401388815,0.013142156892293588
0.009308652812870799,-0.01062656454874727,0.001261690041428165,-0.0012568859633358194,0.013007856849943877
0.009202387167383336,-0.010510004386490237,0.0012491211817948068,-0.001246257680677378,0.012874759119610335
0.009097287123518427,-0.010394640953877371,0.001236658604988033,-0.0012356819286220657,0.012742856209434272
0.008993340713979642,-0.010280463429594327,0.0012243017857018123,-0.001225159315488221,0.012612140602159538
0.008890536079683709,-0.010167461062120462,0.0012120501925469301,-0.0012146904221257105,0.012482604757823035
0.008788861469062492,-0.010055623169889968,0.001199903288325673,-0.0012042758025684022,0.01235424111547423
0.00868830523736358,-0.009944939141434437,0.001187860530299989,-0.0011939159846741185,0.012227042095280805
0.008588855845949234,-0.009835398435502959,0.0011759213704532478,-0.00118361147075887,0.012101000101028436
0.008490501861594196,-0.009726990581171846,0.001164085255745659,-0.0011733627382081741,0.011976107521376678
0.008393231955782482,-0.009619705177933492,0.0011523516283635773,-0.0011631702400821254,0.01185235673218532
0.008297034904003159,-0.009513531895768486,0.001140719925962756,-0.0011530344057089277,0.011729740098413322
0.008201899585045469,-0.009408460475204487,0.0011291895819056667,-0.0011429556412625428,0.011608249975655793
0.00810781498029342,-0.00930448072735749,0.0011177600254930412,-0.0011329343303318603,0.011487878712122646
0.008014770173019853,-0.009201582533957866,0.0011064306821897227,-0.001122970834478671,0.011368618650369644
0.007922754347680278,-0.009099755847363965,0.001095200973844936,-0.0011130654937810834,0.011250462128738148
0.00783175678920664,-0.008998990690559979,0.0010840703189071252,-0.0011032186273681986,0.011133401483132355
0.007741766882301049,-0.008899277157139096,0.0010730381326334432,-0.0010934305339452544,0.011017429048683747
0.007652774110729649,-0.00880060541127482,0.0010621038272939907,-0.0010837014923057106,0.01090253716111711
0.007564768056616905,-0.00870296568767948,0.0010512668123709337,-0.001074031761832559,0.010788718158215804
0.007477738399740114,-0.008606348291547156,0.0010405264947526082,-0.0010644215829937148,0.010675964381563707
0.007391674916824631,-0.008510743598489044,0.001029882278922671,-0.0010548711778202288,0.01056426817746381
0.007306567480839743,-0.008416142054452463,0.0010193335671444686,-0.001045380750381227,0.010453621898753429
0.007222406060295228,-0.00832253417562941,0.0010088797596406564,-0.001035950487247429,0.01034401790601125
0.0071391807185389455,-0.008229910548356778,0.0009985202547681822,-0.0010265805579407667,0.010235448568543859
0.007056881613055371,-0.008138261829001542,0.0009882544491887745,-0.0010172711153808385,0.01012790626605553
0.00697549899476535,-0.00804757874383747,0.0009780817380349663,-0.0010080222963189899,0.010021383389640759
0.006895023207326989,-0.007957852088910465,0.0009680015150717764,-0.0009988342217650786,0.009915872343073895
0.006815444686437883,-0.007869072729896199,0.0009580131728541256,-0.0009897069974020081,0.0098113655437162
0.006736753959138919,-0.007781231601946549,0.0009481161028801055,-0.0009806407139939266,0.009707855423779943
0.006658941643119448,-0.007694319709524352,0.0009383096957401662,-0.0009716354477894199,0.009605334431638468
0.006581998446024195,-0.007608328126233901,0.000928593341262272,-0.0009626912609091641,0.00950379503237242
0.006505915164761844,-0.007523247994639338,0.0009189664286531805,-0.0009538082017303893,0.009403229709116667
0.0064306826848154475,-0.007439070526075046,0.0009094283466358766,-0.0009449863052625822,0.009303630963984455
0.006356291979554701,-0.007355787000448744,0.0008999784835832508,-0.0009362255935139328,0.0092049913189165
0.006282734109550214,-0.007273388766035957,0.0008906162276481114,-0.0009275260758510634,0.009107303316662874
0.006210000221889861,-0.007191867239266893,0.0008813409668896008,-0.0009188877493510432,0.009010559521657413
0.006138081549497187,-0.00711121390450531,0.0008721520893960904,-0.0009103105991468267,0.00891475252093099
0.006066969410452122,-0.007031420313822086,0.0008630489834046221,-0.0009017945987625815,0.008819874924745452
0.005996655207313906,-0.006952478086759169,0.0008540310374169963,-0.0008933397104458862,0.008725919367667201
0.005927130426446325,-0.006874378910088788,0.0008450976403125374,-0.0008849458854899648,0.008632878509137853
0.005858386637345447,-0.006797114537566632,0.0008362481814576378,-0.0008766130645484022,0.0085407450341759
0.0057904154919697914,-0.006720676789676495,0.0008274820508121538,-0.000868341177946557,0.008449511654331943
0.005723208724073031,-0.006645057553370431,0.0008187986390326882,-0.0008601301459840676,0.008359171108226926
0.0056567581485393315,-0.006570248781803474,0.0008101973375728475,-0.0008519798792303286,0.008269716162185192
0.005591055660721295,-0.006496242494061864,0.0008016775387805443,-0.0008438902788149706,0.008181139610973664
0.0055260932357806825,-0.006423030774886541,0.0007932386359923945,-0.0008358612367111348,0.008093434278358513
0.00546186292803183,-0.006350605774390838,0.0007848800236252832,-0.0008278926360135803,0.008006593017769514
0.005398356870287918,-0.006278959707774222,0.0007766010972651475,-0.0008199843512092516,0.007920608712771893
0.005335567273210162,-0.0062080848550305715,0.000768401253753055,-0.0008121362484429868,0.007835474277691379
0.005273486424659857,-0.006137973560650885,0.0007602798912686251,-0.0008043481857789415,0.007751182658249256
0.005212106689053336,-0.006068618233323656,0.0007522364094108356,-0.0007966200134532358,0.0076677268318618985
0.0051514205067201,-0.006000011345631062,0.0007442702092763033,-0.0007889515741210094,0.007585099808129714
0.005091420393263796,-0.005932145433737538,0.0007363806935350932,-0.0007813427031033949,0.007503294629675361
0.0050320989389264215,-0.00586501309707967,0.0007285672665040592,-0.0007737932286213552,0.007422304372063371
0.004973448807955638,-0.005798606998048553,0.0007208293342178457,-0.0007663029720300658,0.007342122144627927
0.0049154627379751625,-0.0057329198616695425,0.000713166304497545,-0.0007588717480467434,0.007262741090790392
0.004858133539358461,-0.005667944475280472,0.0007055775870170776,-0.0007514993649707078,0.007184154388268693
0.004801454094605667,-0.005603673688203927,0.0006980625933673706,-0.0007441856249025842,0.007106355249734131
0.00474541735772363,-0.00554010041141746,0.0006906207371183447,-0.0007369303239571667,0.007029336923070062
0.004690016353609466,-0.0054772176172235626,0.000683251433878773,-0.000729733252467537,0.006953092691442508
0.004635244177437242,-0.005415018338911439,0.0006759541013540976,-0.0007225941951926768,0.006877615874184118
0.00458109399404813,-0.005353495670421521,0.0006687281594021709,-0.0007155129315124723,0.006802899826555908
0.00452755903734392,-0.005292642766004525,0.0006615730300870462,-0.0007084892356227151,0.006728937940347901
0.004474632609683865,-0.00523245283987825,0.000654488137730819,-0.0007015228767255735,0.006655723644149347
0.004422308081285076,-0.005172919165884346,0.0006474729089635632,-0.0006946136192125019,0.006583250403390917
0.00437057888962622,-0.005114035077139723,0.0006405267727714382,-0.0006877612228478419,0.00651151172093023
0.004319438538854831,-0.0050557939656895815,0.0006336491605429598,-0.0006809654429429183,0.006440501136920851
0.004268880599197944,-0.0049981892821552,0.0006268395061135307,-0.000674226030531202,0.0063702122293840535
0.0042188987063764005,-0.00494121453538352,0.0006200972458082186,-0.0006675427325342296,0.0063006386140571635
0.004169486561022562,-0.004884863292091458,0.0006134218184828764,-0.0006609152919291383,0.006231773944965102
0.004120637928101634,-0.004829129176511598,0.000606812665563585,-0.0006543434479081032,0.006163611914310252
0.004072346636336516,-0.004774005870035051,0.000600269231084504,-0.0006478269360361987,0.00609614625278998
0.004024606577636175,-0.004719487110853617,0.000593790961724142,-0.0006413654884047775,0.006029370729698336
0.003977411706527628,-0.004665566693601566,0.0005873773068400943,-0.0006349588337800503,0.005963279152989109
0.003930756039591615,-0.004612238468994804,0.0005810277185022938,-0.0006286066977505181,0.00589786536957182
0.003884633654901659,-0.0045594963434684626,0.0005747416515247886,-0.0006223088028718557,0.00583312326549601
0.003839038691466984,-0.004507334278817989,0.0005685185634960701,-0.0006160648688018853,0.0057690467656166255
0.0037939653486787905,-0.004455746291833421,0.0005623579148080512,-0.0006098746124413127,0.005705629834314663
0.0037494078857604474,-0.004404726453939073,0.0005562591686836382,-0.0006037377480620909,0.005642866474964148
0.0037053606212210655,-0.004354268890826206,0.0005502217912030172,-0.0005976539874422433,0.005580750730670658
0.003661817932312794,-0.004304367782091432,0.0005442452513285948,-0.0005916230399882348,0.005519276683703889
0.003618774254491891,-0.0042550173608718765,0.0005383290209287125,-0.0005856446128585343,0.005458438455847814
0.003576224080883178,-0.004206211913477188,0.0005324725748001272,-0.0005797184110884169,0.005398230208741084
0.003534161961748411,-0.004157945779028306,0.000526675390689243,-0.000573844137701329,0.00533864614320112
0.0034925825039581193,-0.0041102133490887646,0.0005209369493122297,-0.0005680214938283322,0.005279680500005046
0.0034514803704672192,-0.0040630090673008335,0.0005152567343739464,-0.0005622501788173243,0.005221327559407962
0.0034108502797942086,-0.004016327429018981,0.0005096342325857731,-0.0005565298903435035,0.005163581641431936
0.003370687005504025,-0.003970162980945249,0.0005040689336823381,-0.0005508603245143386,0.005106437105682704
0.0033309853756945673,-0.003924510320763717,0.0004985603304371947,-0.0005452411759734511,0.0050498883514557
0.003291740272486937,-0.003879364096775326,0.0004931079186774603,-0.0005396721380016511,0.0049939298177105185
0.003252946631519177,-0.003834719007531921,0.0004877111972974438,-0.000534152902616996,0.004938555983161952
0.003214599441443866,-0.0037905698014740175,0.00048236966827127384,-0.0005286831606672543,0.004883761365907846
0.003176693743429132,-0.0037469112765639526,0.0004770828366646013,-0.0005232626019274406,0.004829540523911824
0.0031392246306634897,-0.0037037382799248665,0.00047185021064532687,-0.0005178909151868864,0.004775888054414312
0.0031021872478642354,-0.003661045707475658,0.000466671301493458,-0.0005125677883407688,0.004722798594352873
0.003065576790789476,-0.003618828503568735,0.0004615456236100503,-0.0005072929084760014,0.004670266820083091
0.003029388505753794,-0.003577081660628687,0.0004564726945252903,-0.0005020659619544266,0.004618287447290648
0.002993617689147521,-0.0035358002187906414,0.000451452034905746,-0.0004968866344952924,0.00456685523102951
0.002958259686959619,-0.003494979265539778,0.0004464831685607931,-0.0004917546112549304,0.0045159649656087986
0.002923309894304227,-0.0034546139353517067,0.0004415656224482438,-0.0004866695769041907,0.004465611484508858
0.0028887637549507017,-0.0034146994093327463,0.0004366989266792019,-0.0004816312157051983,0.004415789660395464
0.0028546167608573814,-0.003375230914863198,0.00043188261452214993,-0.00047663921158290707,0.004366494404816734
0.00282086445170876,-0.00333620372523868,0.00042711622240632085,-0.0004716932481989572,0.004317720668404523
0.002787502414456383,-0.003297613159315947,0.0004223992899243313,-0.0004667930090183129,0.004269463440417454
0.002754526282863212,-0.003259454581156139,0.00041773135983414817,-0.00046193817737936674,0.004221717749006149
0.0027219317370516527,-0.0032217233996713725,0.0004131119780603545,-0.0004571284365587438,0.004174478660872283
0.0026897145030549408,-0.003184415068270703,0.0004085406936947671,-0.0004523634698368607,0.004127741281333752
0.0026578703523722214,-0.0031475250845106207,0.0004040170589963985,-0.0004476429605565954,0.004081500753860601
0.0026263951015271236,-0.0031110489897424438,0.0003995406293908325,-0.0004429665921866179,0.0040357522603930995
0.0025952846116296946,-0.003074982368762432,0.00039511096346896634,-0.0004383340483807275,0.003990491021062081
0.00256453478794208,-0.0030393208494662476,0.00039072762298515907,-0.00043374501303085973,0.0039457122937428535
0.0025341415794474242,-0.0030040601024985112,0.00038639017285485046,-0.00042919917032771846,0.0039014113745562407
0.0025041009784224355,-0.0029691958409101982,0.0003820981811515733,-0.0004246962048100008,0.003857583597063452
0.002474409020013335,-0.0029347238198124516,0.0003778512191034733,-0.0004202358014194342,0.003814224332631011
0.002445061781815222,-0.0029006398360338997,0.00037364886108927895,-0.00041581764555107095,0.003771328990069156
0.0024160553834548792,-0.002866939727780018,0.00036949068463376823,-0.0004114414231011053,0.0037288930154191213
0.0023873859861770763,-0.0028336193742928375,0.0003653762704027572,-0.00040710682051483724,0.0036869118919142796
0.002359049792434148,-0.0028006746955106937,0.00036130520219760883,-0.00040281352483531867,0.003645381139972703
0.002331043045479042,-0.002768101651733168,0.00035727706694925563,-0.0003985612237450094,0.0036042963166603714
0.0023033620289616974,-0.00273589624328448,0.0003532914547118055,-0.00039434960561064036,0.0035636530158458246
0.0022760030665288644,-0.0027040545101794404,0.0003493479586556991,-0.00039017835952517594,0.0035234468679330444
0.0022489625214270614,-0.00267257253178984,0.0003454461750604473,-0.00038604717535012655,0.0034836735398116048
0.002222236796109167,-0.002641446426516454,0.00034158570330694604,-0.0003819557437505067,0.0034443287342758033
0.0021958223318440107,-0.0026106723514553467,0.00033776614586944096,-0.0003779037562394732,0.0034054081906033096
0.002169715608329459,-0.002580246502073754,0.0003339871083070462,-0.00037389090520977426,0.0033669076835672884
0.0021439131433087233,-0.0025501651118822214,0.0003302481992549485,-0.0003699168839720694,0.003328823023814431
0.0021184114921899144,-0.002520424452109831,0.00032654903041522777,-0.00036598138678989854,0.0032911500575412145
0.0020932072476688157,-0.002491020831382102,0.00032288921654732877,-0.0003620841089120007,0.003253884666213791
0.002068297039354988,-0.0024619505954001637,0.00031926837545820873,-0.00035822474660411786,0.0032170227664301
0.002043677533400984,-0.0024332101266197155,0.00031568612799216756,-0.00035440299718256897,0.0031805603099346325
0.002019345432134778,-0.002404795843934603,0.00031214209802034185,-0.00035061855904239535,0.003144493283137817
0.001995297473695423,-0.0023767042023609413,0.0003086359124299179,-0.0003468711316862292,0.0031088177070521805
0.0019715304316718085,-0.002348931692721781,0.0003051672011130556,-0.00034316041575393276,0.0030735296372287335
0.0019480411147445864,-0.0023214748413354163,0.00030173559695551624,-0.00033948611304840246,0.003038625163375497
0.0019248263663312337,-0.002294330209704567,0.0002983407358250322,-0.000335847926561739,0.0030041004092599133
0.0019018830642341944,-0.002267494394206971,0.00029498225655941483,-0.00033224556050100206,0.002969951532555082
0.0018792081202921307,-0.002240964025788806,0.0002916598009544048,-0.00032867872031148017,0.0029361747245417735
0.0018567984800342552,-0.0022147357696589943,0.00028837301375129,-0.00032514711270041055,0.0029027662100081786
0.0018346511223376605,-0.002188806324985424,0.0002851215426242859,-0.0003216504456596559,0.002869722247045181
0.001812763059087813,-0.002163172424594168,0.0002819050381676893,-0.00031818842848573237,0.0028370391267292794
0.0017911313348418778,-0.0021378308346677337,0.000278723153882832,-0.00031476077180317966,0.002804713173212514
0.0017697530264952077,-0.002112778354449428,0.00027557554616480025,-0.00031136718758068016,0.0027727407430863105
0.0017486252429507188,-0.0020880118159453463,0.00027246187428899346,-0.0003080073891526937,0.0027411182256152355
0.0017277451247912634,-0.002063528083630595,0.00026938180039746653,-0.00030468109123671323,0.0027098420422928537
0.001707109843954946,-0.0020393240541568373,0.0002663349894850994,-0.00030138800995054845,0.0026789086466963985
0.0016867166034133796,-0.0020153966560614834,0.0002633211093855939,-0.00029812786282917543,0.0026483145243080264
0.0016665626368527753,-0.0019917428494786536,0.00026033983075730215,-0.000294900368840982,0.002618056192322582
0.0016466452083579997,-0.0019683596258534266,0.00025739082706889235,-0.0002917052484011713,0.002588130199300598
0.0016269616120994645,-0.0019452440076556902,0.0002544737745848806,-0.0002885422233878685,0.0025585331251985477
0.0016075091720229029,-0.0019223930480972403,0.00025158835235100196,-0.0002854110171554818,0.0025292615810251773
0.0015882852415419202,-0.0018998038308502218,0.00024873424217944714,-0.0002823113545482006,0.002500312208693234
0.0015692872032334049,-0.0018774734697686384,0.00024591112863396516,-0.00027924296191106086,0.00247168168069406
0.0015505124685357141,-0.0018553991086100957,0.00024311869901485456,-0.0002762055671028516,0.002443366700062788
0.0015319584774496076,-0.001833577920760378,0.00024035664334382605,-0.00027319889950697454,0.002415364000076692
0.001513622698242012,-0.0018120071089602694,0.0002376246543487563,-0.00027022269004116443,0.002387670344014159
0.001495502627152423,-0.0017906839050325725,0.00023492242744834466,-0.00026727667116915497,0.0023602825251232695
0.0014775957881021096,-0.0017696055696135352,0.0002322496607366531,-0.0002643605769079853,0.0023331973661585015
0.0014598997324059837,-0.0017487693918838804,0.00022960605496757326,-0.0002614741428381776,0.002306411719410262
0.0014424120384871342,-0.0017281726893027909,0.00022699131353919147,-0.00025861710611176374,0.0022799224663904716
0.0014251303115941083,-0.001707812807344143,0.00022440514247807383,-0.00025578920545923694,0.0022537265175905374
0.0014080521835206639,-0.0016876871192328512,0.00022184725042348146,-0.00025299018119864845,0.0022278208124585364
0.0013911753123283244,-0.0016677930256867783,0.000219317348611495,-0.00025021977523867516,0.0022022023188170703
0.00137449738207146,-0.0016481279546558896,0.00021681515085910825,-0.0002474777310881545,0.0021768680331340495
0.001358016102524895,-0.0016286893610660078,0.0002143403735482267,-0.00024476379386105876,0.002151814980039579
0.001341729208914233,-0.001609474726565567,0.00021189273560961612,-0.00024207771027932022,0.0021270402120066034
0.0013256344616485727,-0.001590481559270217,0.0002094719585068229,-0.00023941922868124274,0.0021025408095596276
0.0013097296460558572,-0.0015717073935137855,0.00020707776622001046,-0.0002367880990227379,0.002078313880611027
0.001294012572120723,-0.0015531497895980846,0.00020470988522978308,-0.00023418407288267214,0.0020543565605677383
0.0012784810742247354,-0.0015348063335453334,0.00020236804450095636,-0.00023160690346666908,0.0020306660120513187
0.001263133010889289,-0.0015166746368544593,0.00020005197546628967,-0.0002290563456074763,0.0020072394244882164
0.0012479662645207557,-0.0014987523362547646,0.0001977614120102149,-0.0002265321557716783,0.0019840740143680646
0.0012329787411582138,-0.0014810370934667983,0.0001954960904524981,-0.0002240340920579914,0.00196116702449306
0.001218168370223538,-0.001463526594961043,0.0001932557495319182,-0.00022156191420123983,0.0019385157241900153
0.0012035331042739295,-0.0014462185517200722,0.0001910401303899058,-0.00021911538357352435,0.001916117408942597
0.0011890709187567239,-0.0014291106990020812,0.00018884897655417057,-0.00021669426318573478,0.0018939694002384488
0.0011747798117666963,-0.001412200796108078,0.00018668203392231323,-0.0002142983176859811,0.001872069045182112
0.0011606578038056148,-0.0013954866261474074,0.00018453905074545342,-0.00021192731336293282,0.001850413716653787
0.0011467029375441529,-0.001378965995808069,0.0001824197776118241,-0.0002095810181443735,0.0018290008128058477
0.0011329132775860784,-0.001362636735127902,0.00018032396743038035,-0.0002072592015968686,0.0018078277569620882
0.0011192869102348013,-0.0013464966972677177,0.00017825137541441167,-0.00020496163492492018,0.0017868919974059483
0.0011058219432621141,-0.0013305437582850177,0.00017620175906516247,-0.00020268809097165075,0.0017661910073083487
0.001092516505679264,-0.0013147758169116618,0.00017417487815544596,-0.0002004383442159728,0.0017457222843109688
0.0010793687475101343,-0.0012991907943313292,0.00017217049471328623,-0.00019821217077247645,0.0017254833505353506
0.0010663768395668127,-0.0012837866339613097,0.00017018837300556146,-0.00019600934838722505,0.0017054717521269303
0.001053538973227186,-0.0012685613012320645,0.00016822827952168922,-0.0001938296564393034,0.0016856850594718087
0.0010408533602148662,-0.0012535127833731123,0.00016628998295729617,-0.00019167287593527434,0.0016661208665362803
0.0010283182323811424,-0.0012386390891969458,0.00016437325419794342,-0.00018953878950899055,0.0016467767910567366
0.0010159318414891816,-0.001223938248887639,0.00016247786630285352,-0.00018742718141676417,0.0016276504740470044
0.0010036924590003105,-0.0012094083137888579,0.00016060359448868587,-0.00018533783753582085,0.0016087395798473625
0.0009915983758624347,-0.001195047356194824,0.00015875021611332766,-0.00018327054536071218,0.0015900417958101265
0.0009796479023004845,-0.0011808534691427363,0.00015691751065972053,-0.0001812250939999213,0.0015715548321381112
0.0009678393676090524,-0.001166824766207881,0.00015510525971972132,-0.0001792012741708158,0.0015532764215973605
0.0009561711199469747,-0.0011529593812978933,0.00015331324697801316,-0.00017719887819824288,0.0015352043195920317
0.0009446415261339935,-0.0011392554684518277,0.00015154125819603074,-0.0001752177000082796,0.0015173363036599108
0.000933248971449474,-0.0011257112016394139,0.00014978908119594794,-0.00017325753512406603,0.0014996701734414364
0.0009219918594330911,-0.001112324774561264,0.00014805650584470727,-0.00017131818066256464,0.0014822037505703989
0.0009108686116874876,-0.001099094400452189,0.00014634332403808164,-0.00016939943532900506,0.0014649348783435934
0.0008998776676829578,-0.0010860183118861443,0.0001446493296847916,-0.00016750109941122884,0.0014478614215421848
0.000889017484564103,-0.0010730947605814111,0.00014297431869067932,-0.0001656229747760111,0.00143098126639557
0.0008782865369582893,-0.0010603220172079684,0.0001413180889429192,-0.00016376486486442785,0.001414292320345567
0.0008676833167862164,-0.001047698371199191,0.0001396804402942749,-0.0001619265746830513,0.0013977925115911116
0.0008572063330742341,-0.00103522213056028,0.0001380611745474444,-0.00016010791080236386,0.0013814797894118325
0.0008468541117686301,-0.00102289162168264,0.00013646009543942078,-0.00015830868134855005,0.0013653521235467703
0.0008366251955518045,-0.001010705189157774,0.00013487700862593527,-0.0001565286959983144,0.0013494075042325693
0.0008265181436602209,-0.0009986611955925743,0.00013331172166595212,-0.00015476776597388945,0.0013336439420487678
0.0008165315317043009,-0.0009867580214281422,0.00013176404400621323,-0.00015302570403503095,0.0013180594675447632
0.0008066639514900109,-0.0009749940647577107,0.00013023378696586292,-0.00015130232447463008,0.0013026521313203865
0.00079691401084242,-0.0009633677411489407,0.00012872076372111662,-0.0001495974431100264,0.001287420003566353
0.0007872803334309231,-0.0009518774834642411,0.00012722478929001635,-0.00014791087727953782,0.0012723611742554986
0.0007777615585962683,-0.0009405217416861258,0.00012574568051722097,-0.0001462424458336765,0.0012574737526153124
0.0007683563411794159,-0.0009292989827428458,0.0001242832560588842,-0.00014459196912818738,0.0012427558670885241
0.0007590633513519796,-0.0009182076903339985,0.00012283733636760233,-0.00014295926901934568,0.0012282056653244444
0.0007498812744486383,-0.000907246364761462,0.00012140774367740886,-0.0001413441688534768,0.00121382131362191
0.0007408088108010191,-0.000896413522756313,0.0001199943019888741,-0.00013974649346470885,0.0011996009973300747
0.0007318446755734676,-0.0008857076973134766,0.00011859683705422701,-0.00013816606916331711,0.001185542920044913
0.0007229875986003442,-0.0008751274375229165,0.00011721517636259384,-0.0001366027237314439,0.0011716453039528063
0.000714236324225126,-0.0008646713084058282,0.0001158491491252794,-0.00013505628641348572,0.0011579063893070174
0.0007055896111410609,-0.0008543378907493138,0.00011449858626114454,-0.0001335265879109205,0.0011443244345724357
0.0006970462322335724,-0.0008441257809450801,0.00011316332038203534,-0.00013201346037324877,0.001130897716002388
0.000688604974424134,-0.0008340335908273366,0.00011184318577830285,-0.00013051673739227938,0.0011176245277101093
0.000680264638515865,-0.0008240599475153663,0.00011053801840438006,-0.00012903625399153114,0.0011045031811789119
0.0006720240390407084,-0.000814203493254218,0.00010924765586446475,-0.00012757184662057577,0.0010915320054443456
0.0006638820041081628,-0.0008044628852578963,0.00010797193739825899,-0.00012612335314773595,0.0010787093468274667
0.0006558373752555968,-0.0007948367955549774,0.00010671070386678163,-0.00012469061285124382,0.001066033568675906
0.0006478890073000343,-0.0007853239108348413,0.00010546379773826919,-0.00012327346641155808,0.0010535030512900945
0.000640035768191688,-0.0007759229322964484,0.0001042310630741536,-0.00012187175590193852,0.0010411161916522027
0.0006322765388687146,-0.0007666325754944069,0.00010301234551513423,-0.00012048532478514498,0.001028871403693482
0.0006246102131137743,-0.000757451570193746,0.00010180749226728277,-0.00011911401789912459,0.0010167671173916537
0.0006170356974118385,-0.0007483786602183895,0.00010061635208829153,-0.00011775768145419256,0.0010048017794065112
0.0006095519108096636,-0.0007394126033069591,9.943877527374961e-05,-0.00011641616302123805,0.0009929738523183906
0.0006021577847765969,-0.0007305521709657768,9.827461364353723e-05,-0.00011508931152615074,0.0009812818149053104
0.0005948522630669362,-0.0007217961483262106,9.712372052827573e-05,-0.00011377697723973005,0.0009697241616876129
0.0005876343015836782,-0.0007131433340011257,9.598595075587843e-05,-0.00011247901177093052,0.0009582994030098713
0.0005805028682436542,-0.0007045925399440466,9.486116063816912e-05,-0.00011119526805801567,0.000947006064752981
0.0005734569428442193,-0.0006961425913101267,9.374920795758896e-05,-0.00010992560035896976,0.0009358426881392046
0.0005664955169311092,-0.0006877923263153533,9.264995195399926e-05,-0.00010866986424650883,0.0009248078299031459
0.0005596175936679604,-0.0006795405961025034,9.156325331153417e-05,-0.00010742791659490614,0.0009139000615901449
0.0005528221877069417,-0.0006713862646016632,9.048897414558511e-05,-0.00010619961557690483,0.0009031179701038394
0.0005461083250609122,-0.0006633282083985672,8.942697798981606e-05,-0.00010498482065081504,0.0008924601568951196
0.000539475042976939,-0.0006553653165996982,8.837712978330792e-05,-0.00010378339255437658,0.0008819252382844811
0.000532921389810953,-0.0006474964906991602,8.733929585776415e-05,-0.0001025951932978541,0.0008715118452709836
0.0005264464249039591,-0.0006397206444511542,8.631334392478561e-05,-0.0001014200861506082,0.000861218622948523
0.0005200492184594396,-0.0006320367037371875,8.529914306327952e-05,-0.00010025793563743499,0.0008510442310361577
0.0005137288514220628,-0.0006244436064385383,8.429656370690518e-05,-9.910860752887709e-05,0.0008409873433304349
0.0005074844153576674,-0.0006169403023098686,8.33054776316164e-05,-9.797196883165377e-05,0.0008310466475781875
0.00050131501233458,-0.0006095257528532021,8.232575794329986e-05,-9.68478877803783e-05,0.0008212208454302095
0.0004952197548060422,-0.0006021989311921756,8.135727906549608e-05,-9.573623383067965e-05,0.0008115086524039528
0.0004891977654941093,-0.0005949588219507605,8.039991672718929e-05,-9.463687764742601e-05,0.0008019087974164563
0.00048324817727460334,-0.0005878044211279842,7.945354795071503e-05,-9.354969110074144e-05,0.0007924200231852474
0.0004773701330633151,-0.0005807347359788825,7.851805103970763e-05,-9.247454725445515e-05,0.0007830410855808878
